id,session_id,battle_id,player,rule,point,result_point,rank,stage_id,pikmin,user_id,dandori_pts,com_dandori_pts,flg
1,2024072800,1,6,403,1000,1071,1,414,1,koppacha,421,48,0
2,2024072800,2,6,403,1071,1050,4,418,6,koppacha,237,80,0
3,2024072800,3,6,403,1050,1059,3,417,7,koppacha,296,33,0
4,2024072800,4,6,403,1059,1124,1,413,5,koppacha,338,14,0
5,2024072800,5,6,403,1124,1126,3,414,3,koppacha,333,59,0
6,2024072800,6,6,403,1126,1128,3,418,1,koppacha,237,3,0
7,2024072800,7,6,403,1128,1044,6,417,4,koppacha,213,85,0
8,2024072800,8,6,403,1044,997,5,415,6,koppacha,166,8,0
9,2024072800,9,6,403,997,926,6,413,3,koppacha,170,9,0
10,2024072800,10,6,403,926,1005,1,416,8,koppacha,290,33,0
11,2024072800,11,6,403,1005,1047,2,418,5,koppacha,366,55,0
12,2024072800,12,6,403,1047,1028,4,415,4,koppacha,262,22,0
13,2024072800,13,6,403,1028,1039,3,417,2,koppacha,232,29,0
14,2024072800,14,6,403,1039,1049,3,416,7,koppacha,416,40,0
15,2024072800,15,6,403,1049,1087,2,414,6,koppacha,337,22,0
16,2024072800,16,6,403,1087,1150,1,418,8,koppacha,352,38,0
17,2024072800,17,6,403,1150,1163,2,413,4,koppacha,320,4,0
18,2024072800,18,6,403,1163,1133,4,417,3,koppacha,185,8,0
19,2024072800,19,6,403,1133,1049,6,416,1,koppacha,374,140,0
20,2024072800,20,6,403,1049,1058,3,415,7,koppacha,259,59,0
21,2024072800,21,6,403,1058,1066,3,413,8,koppacha,272,36,0
22,2024072800,22,6,403,1066,1016,5,418,4,koppacha,224,38,0
23,2024072800,23,6,403,1016,1086,1,416,2,koppacha,428,38,0
24,2024072800,24,6,403,1086,1034,5,414,5,koppacha,303,12,0
25,2024072800,1,6,403,1000,971,4,414,1,kobachi_no_udon,305,68,0
26,2024072800,2,6,403,971,903,6,418,6,kobachi_no_udon,216,107,0
27,2024072800,3,6,403,903,899,4,417,7,kobachi_no_udon,251,37,0
28,2024072800,4,6,403,899,866,5,413,5,kobachi_no_udon,224,10,0
29,2024072800,5,6,403,866,836,5,414,3,kobachi_no_udon,294,55,0
30,2024072800,6,6,403,836,838,4,418,1,kobachi_no_udon,270,94,0
31,2024072800,7,6,403,838,897,2,417,4,kobachi_no_udon,270,7,0
32,2024072800,8,6,403,897,978,1,415,6,kobachi_no_udon,287,49,0
33,2024072800,9,6,403,978,966,4,413,3,kobachi_no_udon,274,46,0
34,2024072800,10,6,403,966,1012,2,416,8,kobachi_no_udon,266,59,0
35,2024072800,11,6,403,1012,968,5,418,5,kobachi_no_udon,268,134,0
36,2024072800,12,6,403,968,985,3,415,4,kobachi_no_udon,309,38,0
37,2024072800,13,6,403,985,1029,2,417,2,kobachi_no_udon,238,30,0
38,2024072800,14,6,403,1029,1012,4,416,7,kobachi_no_udon,334,24,0
39,2024072800,15,6,403,1012,940,6,414,6,kobachi_no_udon,266,46,0
40,2024072800,16,6,403,940,960,3,418,8,kobachi_no_udon,319,44,0
41,2024072800,17,6,403,960,992,2,413,4,kobachi_no_udon,320,4,0
42,2024072800,18,6,403,992,1007,3,417,3,kobachi_no_udon,192,0,0
43,2024072800,19,6,403,1007,1049,2,416,1,kobachi_no_udon,370,44,0
44,2024072800,20,6,403,1049,1030,4,415,7,kobachi_no_udon,222,34,0
45,2024072800,21,6,403,1030,956,6,413,8,kobachi_no_udon,241,21,0
46,2024072800,22,6,403,956,1031,1,418,4,kobachi_no_udon,551,54,0
47,2024072800,23,6,403,1031,985,5,416,2,kobachi_no_udon,310,106,0
48,2024072800,24,6,403,985,915,6,414,5,kobachi_no_udon,361,94,0
49,2024072800,1,6,403,1000,1043,2,414,1,mercysnow,356,30,0
50,2024072800,2,6,403,1043,1082,2,418,6,mercysnow,379,59,0
51,2024072800,3,6,403,1082,1130,1,417,7,mercysnow,321,16,0
52,2024072800,4,6,403,1130,1103,4,413,5,mercysnow,279,53,0
53,2024072800,5,6,403,1103,1136,2,414,3,mercysnow,346,46,0
54,2024072800,6,6,403,1136,1194,1,418,1,mercysnow,355,41,0
55,2024072800,7,6,403,1194,1189,3,417,4,mercysnow,267,10,0
56,2024072800,8,6,403,1189,1184,3,415,6,mercysnow,229,33,0
57,2024072800,9,6,403,1184,1209,2,413,3,mercysnow,293,26,0
58,2024072800,10,6,403,1209,1202,3,416,8,mercysnow,299,93,0
59,2024072800,11,6,403,1202,1168,4,418,5,mercysnow,276,32,0
60,2024072800,12,6,403,1168,1222,1,415,4,mercysnow,383,8,0
61,2024072800,13,6,403,1222,1271,1,417,2,mercysnow,296,7,0
62,2024072800,14,6,403,1271,1316,1,416,7,mercysnow,514,53,0
63,2024072800,15,6,403,1316,1298,3,414,6,mercysnow,335,31,0
64,2024072800,16,6,403,1298,1311,2,418,8,mercysnow,356,71,0
65,2024072800,17,6,403,1311,1351,1,413,4,mercysnow,384,7,0
66,2024072800,18,6,403,1351,1387,1,417,3,mercysnow,286,17,0
67,2024072800,19,6,403,1387,1419,1,416,1,mercysnow,399,25,0
68,2024072800,20,6,403,1419,1334,5,415,7,mercysnow,206,30,0
69,2024072800,21,6,403,1334,1372,1,413,8,mercysnow,372,33,0
70,2024072800,22,6,403,1372,1378,2,418,4,mercysnow,342,42,0
71,2024072800,23,6,403,1378,1354,3,416,2,mercysnow,367,46,0
72,2024072800,24,6,403,1354,1362,2,414,5,mercysnow,391,33,0
73,2024072800,1,6,403,1000,1014,6,414,1,Argent2home,271,65,0
74,2024072800,2,6,403,1014,1084,5,418,6,Argent2home,186,61,0
75,2024072800,3,6,403,1084,1132,5,417,7,Argent2home,200,7,0
76,2024072800,4,6,403,1132,1162,6,413,5,Argent2home,223,43,0
77,2024072800,5,6,403,1162,1217,4,414,3,Argent2home,302,39,0
78,2024072800,6,6,403,1217,1124,2,418,1,Argent2home,312,26,0
79,2024072800,7,6,403,1124,1183,5,417,4,Argent2home,166,26,0
80,2024072800,8,6,403,1183,1208,4,415,6,Argent2home,232,72,0
81,2024072800,9,6,403,1208,1201,1,413,3,Argent2home,352,36,0
82,2024072800,10,6,403,1201,1167,5,416,8,Argent2home,227,43,0
83,2024072800,11,6,403,1167,1222,6,418,5,Argent2home,234,124,0
84,2024072800,12,6,403,1222,1243,6,415,4,Argent2home,124,48,0
85,2024072800,13,6,403,1243,1176,4,417,2,Argent2home,216,14,0
86,2024072800,14,6,403,1176,1201,5,416,7,Argent2home,326,57,0
87,2024072800,15,6,403,1201,1138,1,414,6,Argent2home,336,19,0
88,2024072800,16,6,403,1138,1053,5,418,8,Argent2home,269,51,0
89,2024072800,17,6,403,1053,977,4,413,4,Argent2home,289,22,0
90,2024072800,18,6,403,977,1022,5,417,3,Argent2home,162,8,0
91,2024072800,19,6,403,1022,1006,3,416,1,Argent2home,334,63,0
92,2024072800,20,6,403,1006,934,1,415,7,Argent2home,274,29,0
93,2024072800,21,6,403,934,984,5,413,8,Argent2home,262,33,0
94,2024072800,22,6,403,984,1000,4,418,4,Argent2home,320,80,0
95,2024072800,23,6,403,1000,1043,6,416,2,Argent2home,339,163,0
96,2024072800,24,6,403,1043,1110,3,414,5,Argent2home,333,14,0
97,2024072800,1,6,403,1000,971,4,414,1,April_lapispik,276,39,0
98,2024072800,2,6,403,971,988,3,418,6,April_lapispik,222,61,0
99,2024072800,3,6,403,988,918,6,417,7,April_lapispik,191,41,0
100,2024072800,4,6,403,918,940,3,413,5,April_lapispik,260,14,0
101,2024072800,5,6,403,940,875,6,414,3,April_lapispik,135,49,0
102,2024072800,6,6,403,875,844,5,418,1,April_lapispik,200,65,0
103,2024072800,7,6,403,844,846,4,417,4,April_lapispik,243,41,0
104,2024072800,8,6,403,846,790,6,415,6,April_lapispik,158,16,0
105,2024072800,9,6,403,790,768,5,413,3,April_lapispik,254,34,0
106,2024072800,10,6,403,768,720,6,416,8,April_lapispik,225,54,0
107,2024072800,11,6,403,720,762,3,418,5,April_lapispik,290,17,0
108,2024072800,12,6,403,762,743,5,415,4,April_lapispik,232,30,0
109,2024072800,13,6,403,743,698,6,417,2,April_lapispik,173,78,0
110,2024072800,14,6,403,698,657,6,416,7,April_lapispik,242,61,0
111,2024072800,15,6,403,657,677,4,414,6,April_lapispik,291,26,0
112,2024072800,16,6,403,677,695,4,418,8,April_lapispik,290,17,0
113,2024072800,17,6,403,695,682,5,413,4,April_lapispik,249,26,0
114,2024072800,18,6,403,682,643,6,417,3,April_lapispik,109,42,0
115,2024072800,19,6,403,643,636,5,416,1,April_lapispik,316,66,0
116,2024072800,20,6,403,636,715,2,415,7,April_lapispik,234,10,0
117,2024072800,21,6,403,715,729,4,413,8,April_lapispik,252,17,0
118,2024072800,22,6,403,729,685,6,418,4,April_lapispik,162,60,0
119,2024072800,23,6,403,685,702,4,416,2,April_lapispik,308,44,0
120,2024072800,24,6,403,702,718,4,414,5,April_lapispik,380,72,0
121,2024072800,1,6,403,1000,1014,3,414,1,albut3,294,20,0
122,2024072800,2,6,403,1014,1084,1,418,6,albut3,404,37,0
123,2024072800,3,6,403,1084,1132,1,417,7,albut3,327,22,0
124,2024072800,4,6,403,1132,1162,2,413,5,albut3,261,9,0
125,2024072800,5,6,403,1162,1217,1,414,3,albut3,371,37,0
126,2024072800,6,6,403,1217,1124,6,418,1,albut3,167,42,0
127,2024072800,7,6,403,1124,1183,1,417,4,albut3,313,20,0
128,2024072800,8,6,403,1183,1208,2,415,6,albut3,253,18,0
129,2024072800,9,6,403,1208,1201,3,413,3,albut3,315,75,0
130,2024072800,10,6,403,1201,1167,4,416,8,albut3,249,55,0
131,2024072800,11,6,403,1167,1222,1,418,5,albut3,360,44,0
132,2024072800,12,6,403,1222,1243,2,415,4,albut3,321,3,0
133,2024072800,13,6,403,1243,1176,5,417,2,albut3,206,58,0
134,2024072800,14,6,403,1176,1201,2,416,7,albut3,469,13,0
135,2024072800,15,6,403,1201,1138,5,414,6,albut3,278,18,0
136,2024072800,16,6,403,1138,1053,6,418,8,albut3,239,31,0
137,2024072800,17,6,403,1053,977,6,413,4,albut3,237,24,0
138,2024072800,18,6,403,977,1022,2,417,3,albut3,237,10,0
139,2024072800,19,6,403,1022,1006,4,416,1,albut3,304,35,0
140,2024072800,20,6,403,1006,934,6,415,7,albut3,185,18,0
141,2024072800,21,6,403,934,984,2,413,8,albut3,297,13,0
142,2024072800,22,6,403,984,1000,3,418,4,albut3,300,42,0
143,2024072800,23,6,403,1000,1043,2,416,2,albut3,388,63,0
144,2024072800,24,6,403,1043,1110,1,414,5,albut3,459,17,0
145,2024080300,1,6,403,1034,960,6,418,6,koppacha,179,76,0
146,2024080300,2,6,403,960,1008,2,414,3,koppacha,352,35,0
147,2024080300,3,6,403,1008,1022,3,415,7,koppacha,244,21,0
148,2024080300,4,6,403,1022,949,6,413,1,koppacha,185,77,0
149,2024080300,5,6,403,949,969,3,416,8,koppacha,274,42,0
150,2024080300,6,6,403,969,987,3,414,4,koppacha,364,48,0
151,2024080300,7,6,403,987,946,5,415,2,koppacha,132,70,0
152,2024080300,8,6,403,946,937,4,413,5,koppacha,295,74,0
153,2024080300,9,6,403,937,958,3,418,7,koppacha,282,35,0
154,2024080300,10,6,403,958,977,3,417,3,koppacha,221,9,0
155,2024080300,11,6,403,977,965,4,416,1,koppacha,303,27,0
156,2024080300,12,6,403,965,983,3,413,6,koppacha,276,0,0
157,2024080300,13,6,403,983,1029,2,418,4,koppacha,356,14,0
158,2024080300,14,6,403,1029,955,6,417,2,koppacha,72,39,0
159,2024080300,15,6,403,955,974,3,416,5,koppacha,414,103,0
160,2024080300,16,6,403,974,963,4,413,3,koppacha,258,13,0
161,2024080300,17,6,403,963,953,4,415,4,koppacha,211,3,0
162,2024080300,18,6,403,953,1031,1,417,1,koppacha,403,17,0
163,2024080300,19,6,403,1031,986,5,418,2,koppacha,261,74,0
164,2024080300,20,6,403,986,1002,3,413,7,koppacha,266,8,0
165,2024080300,21,6,403,1002,988,4,416,6,koppacha,373,55,0
166,2024080300,22,6,403,988,947,5,414,5,koppacha,324,108,0
167,2024080300,23,6,403,947,938,4,418,3,koppacha,336,89,0
168,2024080300,24,6,403,938,988,2,417,4,koppacha,316,7,0
169,2024080300,1,6,403,915,967,2,418,6,kobachi_no_udon,287,22,0
170,2024080300,2,6,403,967,1043,1,414,3,kobachi_no_udon,419,12,0
171,2024080300,3,6,403,1043,968,6,415,7,kobachi_no_udon,210,75,0
172,2024080300,4,6,403,968,928,5,413,1,kobachi_no_udon,226,29,0
173,2024080300,5,6,403,928,979,2,416,8,kobachi_no_udon,286,21,0
174,2024080300,6,6,403,979,967,4,414,4,kobachi_no_udon,308,8,0
175,2024080300,7,6,403,967,1043,1,415,2,kobachi_no_udon,395,9,0
176,2024080300,8,6,403,1043,1112,1,413,5,kobachi_no_udon,362,16,0
177,2024080300,9,6,403,1112,1030,6,418,7,kobachi_no_udon,318,165,0
178,2024080300,10,6,403,1030,1071,2,417,3,kobachi_no_udon,251,12,0
179,2024080300,11,6,403,1071,1079,3,416,1,kobachi_no_udon,376,43,0
180,2024080300,12,6,403,1079,1115,2,413,6,kobachi_no_udon,324,5,0
181,2024080300,13,6,403,1115,1176,1,418,4,kobachi_no_udon,423,65,0
182,2024080300,14,6,403,1176,1202,2,417,2,kobachi_no_udon,278,9,0
183,2024080300,15,6,403,1202,1168,4,416,5,kobachi_no_udon,414,122,0
184,2024080300,16,6,403,1168,1224,1,413,3,kobachi_no_udon,370,83,0
185,2024080300,17,6,403,1224,1275,1,415,4,kobachi_no_udon,317,35,0
186,2024080300,18,6,403,1275,1205,5,417,1,kobachi_no_udon,263,43,0
187,2024080300,19,6,403,1205,1257,1,418,2,kobachi_no_udon,364,76,0
188,2024080300,20,6,403,1257,1304,1,413,7,kobachi_no_udon,288,12,0
189,2024080300,21,6,403,1304,1231,5,416,6,kobachi_no_udon,363,79,0
190,2024080300,22,6,403,1231,1223,3,414,5,kobachi_no_udon,385,58,0
191,2024080300,23,6,403,1223,1245,2,418,3,kobachi_no_udon,359,50,0
192,2024080300,24,6,403,1245,1293,1,417,4,kobachi_no_udon,357,24,0
193,2024080300,1,6,403,1362,1398,1,418,6,mercysnow,402,52,0
194,2024080300,2,6,403,1398,1344,4,414,3,mercysnow,305,35,0
195,2024080300,3,6,403,1344,1382,1,415,7,mercysnow,363,16,0
196,2024080300,4,6,403,1382,1416,1,413,1,mercysnow,339,13,0
197,2024080300,5,6,403,1416,1447,1,416,8,mercysnow,353,34,0
198,2024080300,6,6,403,1447,1475,1,414,4,mercysnow,408,11,0
199,2024080300,7,6,403,1475,1471,2,415,2,mercysnow,288,10,0
200,2024080300,8,6,403,1471,1439,3,413,5,mercysnow,255,11,0
201,2024080300,9,6,403,1439,1468,1,418,7,mercysnow,367,18,0
202,2024080300,10,6,403,1468,1494,1,417,3,mercysnow,274,11,0
203,2024080300,11,6,403,1494,1517,1,416,1,mercysnow,439,24,0
204,2024080300,12,6,403,1517,1538,1,413,6,mercysnow,351,8,0
205,2024080300,13,6,403,1538,1442,5,418,4,mercysnow,294,98,0
206,2024080300,14,6,403,1442,1471,1,417,2,mercysnow,288,17,0
207,2024080300,15,6,403,1471,1497,1,416,5,mercysnow,470,77,0
208,2024080300,16,6,403,1497,1491,2,413,3,mercysnow,288,16,0
209,2024080300,17,6,403,1491,1486,2,415,4,mercysnow,314,75,0
210,2024080300,18,6,403,1486,1481,2,417,1,mercysnow,408,50,0
211,2024080300,19,6,403,1481,1477,2,418,2,mercysnow,272,11,0
212,2024080300,20,6,403,1477,1473,2,413,7,mercysnow,276,8,0
213,2024080300,21,6,403,1473,1470,2,416,6,mercysnow,473,87,0
214,2024080300,22,6,403,1470,1467,2,414,5,mercysnow,388,23,0
215,2024080300,23,6,403,1467,1493,1,418,3,mercysnow,374,32,0
216,2024080300,24,6,403,1493,1459,3,417,4,mercysnow,281,57,0
217,2024080300,1,6,403,718,703,5,418,6,April_lapispik,247,111,0
218,2024080300,2,6,403,703,691,5,414,3,April_lapispik,266,55,0
219,2024080300,3,6,403,691,708,4,415,7,April_lapispik,215,47,0
220,2024080300,4,6,403,708,781,2,413,1,April_lapispik,336,20,0
221,2024080300,5,6,403,781,732,6,416,8,April_lapispik,175,53,0
222,2024080300,6,6,403,732,803,2,414,4,April_lapispik,331,14,0
223,2024080300,7,6,403,803,809,4,415,2,April_lapispik,158,20,0
224,2024080300,8,6,403,809,757,6,413,5,April_lapispik,241,39,0
225,2024080300,9,6,403,757,825,2,418,7,April_lapispik,297,48,0
226,2024080300,10,6,403,825,800,5,417,3,April_lapispik,185,19,0
227,2024080300,11,6,403,800,777,5,416,1,April_lapispik,293,39,0
228,2024080300,12,6,403,777,785,4,413,6,April_lapispik,261,22,0
229,2024080300,13,6,403,785,735,6,418,4,April_lapispik,121,107,0
230,2024080300,14,6,403,735,747,4,417,2,April_lapispik,197,8,0
231,2024080300,15,6,403,747,730,5,416,5,April_lapispik,296,31,0
232,2024080300,16,6,403,730,715,5,413,3,April_lapispik,252,8,0
233,2024080300,17,6,403,715,672,6,415,4,April_lapispik,130,18,0
234,2024080300,18,6,403,672,720,3,417,1,April_lapispik,280,1,0
235,2024080300,19,6,403,720,734,4,418,2,April_lapispik,253,38,0
236,2024080300,20,6,403,734,732,4,413,7,April_lapispik,233,10,0
237,2024080300,21,6,403,732,688,6,416,6,April_lapispik,270,35,0
238,2024080300,22,6,403,688,705,4,414,5,April_lapispik,259,38,0
239,2024080300,23,6,403,705,692,5,418,3,April_lapispik,211,13,0
240,2024080300,24,6,403,692,652,6,417,4,April_lapispik,197,34,0
241,2024080300,1,6,403,1000,986,4,418,6,toripoppo0307,239,27,0
242,2024080300,2,6,403,986,916,6,414,3,toripoppo0307,182,27,0
243,2024080300,3,6,403,916,881,5,415,7,toripoppo0307,196,30,0
244,2024080300,4,6,403,881,879,4,413,1,toripoppo0307,283,27,0
245,2024080300,5,6,403,879,877,4,416,8,toripoppo0307,264,66,0
246,2024080300,6,6,403,877,818,6,414,4,toripoppo0307,279,53,0
247,2024080300,7,6,403,818,765,6,415,2,toripoppo0307,135,75,0
248,2024080300,8,6,403,765,746,5,413,5,toripoppo0307,273,58,0
249,2024080300,9,6,403,746,729,5,418,7,toripoppo0307,223,54,0
250,2024080300,10,6,403,729,742,4,417,3,toripoppo0307,196,9,0
251,2024080300,11,6,403,742,812,2,416,1,toripoppo0307,386,50,0
252,2024080300,12,6,403,812,760,6,413,6,toripoppo0307,187,55,0
253,2024080300,13,6,403,760,770,4,418,4,toripoppo0307,267,28,0
254,2024080300,14,6,403,770,751,5,417,2,toripoppo0307,112,30,0
255,2024080300,15,6,403,751,705,6,416,5,toripoppo0307,340,84,0
256,2024080300,16,6,403,705,749,3,413,3,toripoppo0307,267,16,0
257,2024080300,17,6,403,749,732,5,415,4,toripoppo0307,154,25,0
258,2024080300,18,6,403,732,688,6,417,1,toripoppo0307,199,30,0
259,2024080300,19,6,403,688,734,3,418,2,toripoppo0307,250,27,0
260,2024080300,20,6,403,734,690,6,413,7,toripoppo0307,182,5,0
261,2024080300,21,6,403,690,736,3,416,6,toripoppo0307,417,65,0
262,2024080300,22,6,403,736,691,6,414,5,toripoppo0307,264,60,0
263,2024080300,23,6,403,691,651,6,418,3,toripoppo0307,203,78,0
264,2024080300,24,6,403,651,644,5,417,4,toripoppo0307,245,72,0
265,2024080300,1,6,403,1000,1015,3,418,6,atmy_17,346,89,0
266,2024080300,2,6,403,1015,1028,3,414,3,atmy_17,344,40,0
267,2024080300,3,6,403,1028,1069,2,415,7,atmy_17,252,11,0
268,2024080300,4,6,403,1069,1077,3,413,1,atmy_17,353,38,0
269,2024080300,5,6,403,1077,1027,5,416,8,atmy_17,234,78,0
270,2024080300,6,6,403,1027,982,5,414,4,atmy_17,278,33,0
271,2024080300,7,6,403,982,999,3,415,2,atmy_17,290,17,0
272,2024080300,8,6,403,999,1043,2,413,5,atmy_17,317,12,0
273,2024080300,9,6,403,1043,1025,4,418,7,atmy_17,249,26,0
274,2024080300,10,6,403,1025,951,6,417,3,atmy_17,186,96,0
275,2024080300,11,6,403,951,885,6,416,1,atmy_17,235,55,0
276,2024080300,12,6,403,885,854,5,413,6,atmy_17,236,55,0
277,2024080300,13,6,403,854,884,3,418,4,atmy_17,292,48,0
278,2024080300,14,6,403,884,911,3,417,2,atmy_17,240,33,0
279,2024080300,15,6,403,911,964,2,416,5,atmy_17,359,25,0
280,2024080300,16,6,403,964,897,6,413,3,atmy_17,227,31,0
281,2024080300,17,6,403,897,922,3,415,4,atmy_17,244,15,0
282,2024080300,18,6,403,922,916,4,417,1,atmy_17,298,29,0
283,2024080300,19,6,403,916,853,6,418,2,atmy_17,288,108,0
284,2024080300,20,6,403,853,839,4,413,7,atmy_17,254,31,0
285,2024080300,21,6,403,839,927,1,416,6,atmy_17,449,50,0
286,2024080300,22,6,403,927,1007,1,414,5,atmy_17,479,27,0
287,2024080300,23,6,403,1007,1021,3,418,3,atmy_17,329,56,0
288,2024080300,24,6,403,1021,1005,4,417,4,atmy_17,321,114,0
289,2024081000,1,4,403,988,1071,1,413,3,koppacha,303,16,0
290,2024081000,2,4,403,1071,1010,4,415,7,koppacha,216,34,0
291,2024081000,3,4,403,1010,955,4,414,6,koppacha,325,52,0
292,2024081000,4,4,403,955,996,2,417,1,koppacha,324,69,0
293,2024081000,5,4,403,996,1078,1,418,4,koppacha,416,26,0
294,2024081000,6,4,403,1078,1016,4,415,8,koppacha,128,21,0
295,2024081000,7,4,403,1016,1051,2,414,3,koppacha,290,22,0
296,2024081000,8,4,403,1051,1128,1,417,7,koppacha,350,19,0
297,2024081000,9,4,403,1128,1197,1,418,6,koppacha,351,68,0
298,2024081000,10,4,403,1197,1123,4,416,4,koppacha,286,44,0
299,2024081000,11,4,403,1123,1102,3,413,1,koppacha,324,37,0
300,2024081000,12,4,403,1102,1174,1,414,2,koppacha,459,14,0
301,2024081000,13,4,403,1174,1148,3,417,3,koppacha,276,4,0
302,2024081000,14,4,403,1148,1215,1,416,6,koppacha,370,21,0
303,2024081000,15,4,403,1215,1139,4,415,1,koppacha,261,59,0
304,2024081000,16,4,403,1139,1162,2,418,7,koppacha,311,36,0
305,2024081000,17,4,403,1162,1092,4,417,5,koppacha,290,56,0
306,2024081000,18,4,403,1092,1029,4,414,4,koppacha,289,74,0
307,2024081000,19,4,403,1029,1108,1,416,2,koppacha,387,23,0
308,2024081000,20,4,403,1108,1134,2,413,6,koppacha,314,25,0
309,2024081000,21,4,403,1134,1158,2,418,5,koppacha,357,38,0
310,2024081000,22,4,403,1158,1133,3,414,1,koppacha,296,30,0
311,2024081000,23,4,403,1133,1157,2,417,2,koppacha,200,29,0
312,2024081000,24,4,403,1157,1224,1,413,4,koppacha,360,4,0
313,2024081000,1,4,403,1459,1450,2,413,3,mercysnow,284,0,0
314,2024081000,2,4,403,1450,1487,1,415,7,mercysnow,294,26,0
315,2024081000,3,4,403,1487,1429,3,414,6,mercysnow,311,17,0
316,2024081000,4,4,403,1429,1469,1,417,1,mercysnow,358,47,0
317,2024081000,5,4,403,1469,1368,4,418,4,mercysnow,270,75,0
318,2024081000,6,4,403,1368,1414,1,415,8,mercysnow,219,13,0
319,2024081000,7,4,403,1414,1319,4,414,3,mercysnow,306,61,0
320,2024081000,8,4,403,1319,1278,3,417,7,mercysnow,235,30,0
321,2024081000,9,4,403,1278,1196,4,418,6,mercysnow,238,58,0
322,2024081000,10,4,403,1196,1258,1,416,4,mercysnow,437,124,0
323,2024081000,11,4,403,1258,1314,1,413,1,mercysnow,329,5,0
324,2024081000,12,4,403,1314,1274,3,414,2,mercysnow,287,64,0
325,2024081000,13,4,403,1274,1329,1,417,3,mercysnow,344,20,0
326,2024081000,14,4,403,1329,1242,4,416,6,mercysnow,325,53,0
327,2024081000,15,4,403,1242,1209,3,415,1,mercysnow,276,42,0
328,2024081000,16,4,403,1209,1270,1,418,7,mercysnow,405,21,0
329,2024081000,17,4,403,1270,1325,1,417,5,mercysnow,310,12,0
330,2024081000,18,4,403,1325,1375,1,414,4,mercysnow,465,11,0
331,2024081000,19,4,403,1375,1374,2,416,2,mercysnow,341,27,0
332,2024081000,20,4,403,1374,1419,1,413,6,mercysnow,308,5,0
333,2024081000,21,4,403,1419,1459,1,418,5,mercysnow,403,17,0
334,2024081000,22,4,403,1459,1450,2,414,1,mercysnow,383,101,0
335,2024081000,23,4,403,1450,1487,1,417,2,mercysnow,224,30,0
336,2024081000,24,4,403,1487,1384,4,413,4,mercysnow,319,30,0
337,2024081000,1,4,403,1110,1045,4,413,3,albut3,237,16,0
338,2024081000,2,4,403,1045,1031,3,415,7,albut3,265,10,0
339,2024081000,3,4,403,1031,1065,2,414,6,albut3,370,46,0
340,2024081000,4,4,403,1065,1004,4,417,1,albut3,255,116,0
341,2024081000,5,4,403,1004,995,3,418,4,albut3,306,83,0
342,2024081000,6,4,403,995,986,3,415,8,albut3,238,80,0
343,2024081000,7,4,403,986,978,3,414,3,albut3,340,80,0
344,2024081000,8,4,403,978,1017,2,417,7,albut3,263,10,0
345,2024081000,9,4,403,1017,1052,2,418,6,albut3,314,35,0
346,2024081000,10,4,403,1052,1038,3,416,4,albut3,316,13,0
347,2024081000,11,4,403,1038,1071,2,413,1,albut3,348,36,0
348,2024081000,12,4,403,1071,1101,2,414,2,albut3,366,58,0
349,2024081000,13,4,403,1101,1128,2,417,3,albut3,285,0,0
350,2024081000,14,4,403,1128,1106,3,416,6,albut3,386,70,0
351,2024081000,15,4,403,1106,1132,2,415,1,albut3,269,23,0
352,2024081000,16,4,403,1132,1110,3,418,7,albut3,279,48,0
353,2024081000,17,4,403,1110,1136,2,417,5,albut3,286,44,0
354,2024081000,18,4,403,1136,1113,3,414,4,albut3,332,30,0
355,2024081000,19,4,403,1113,1048,4,416,2,albut3,326,102,0
356,2024081000,20,4,403,1048,989,4,413,6,albut3,300,24,0
357,2024081000,21,4,403,989,981,3,418,5,albut3,361,55,0
358,2024081000,22,4,403,981,929,4,414,1,albut3,273,25,0
359,2024081000,23,4,403,929,927,3,417,2,albut3,196,31,0
360,2024081000,24,4,403,927,925,3,413,4,albut3,344,46,0
361,2024081000,1,4,403,1000,991,3,413,3,muratsubo,312,29,0
362,2024081000,2,4,403,991,1029,2,415,7,muratsubo,278,13,0
363,2024081000,3,4,403,1029,1108,1,414,6,muratsubo,381,22,0
364,2024081000,4,4,403,1108,1088,3,417,1,muratsubo,256,44,0
365,2024081000,5,4,403,1088,1116,2,418,4,muratsubo,360,83,0
366,2024081000,6,4,403,1116,1141,2,415,8,muratsubo,187,22,0
367,2024081000,7,4,403,1141,1209,1,414,3,muratsubo,341,32,0
368,2024081000,8,4,403,1209,1134,4,417,7,muratsubo,219,20,0
369,2024081000,9,4,403,1134,1112,3,418,6,muratsubo,289,51,0
370,2024081000,10,4,403,1112,1138,2,416,4,muratsubo,365,54,0
371,2024081000,11,4,403,1138,1070,4,413,1,muratsubo,253,33,0
372,2024081000,12,4,403,1070,1009,4,414,2,muratsubo,229,53,0
373,2024081000,13,4,403,1009,954,4,417,3,muratsubo,153,23,0
374,2024081000,14,4,403,954,996,2,416,6,muratsubo,388,64,0
375,2024081000,15,4,403,996,1079,1,415,1,muratsubo,260,10,0
376,2024081000,16,4,403,1079,1017,4,418,7,muratsubo,336,129,0
377,2024081000,17,4,403,1017,1006,3,417,5,muratsubo,272,34,0
378,2024081000,18,4,403,1006,1042,2,414,4,muratsubo,364,33,0
379,2024081000,19,4,403,1042,1029,3,416,2,muratsubo,344,116,0
380,2024081000,20,4,403,1029,1017,3,413,6,muratsubo,325,39,0
381,2024081000,21,4,403,1017,961,4,418,5,muratsubo,320,75,0
382,2024081000,22,4,403,961,1047,1,414,1,muratsubo,327,36,0
383,2024081000,23,4,403,1047,988,4,417,2,muratsubo,218,80,0
384,2024081000,24,4,403,988,1026,2,413,4,muratsubo,355,40,0
385,2024082400,1,6,403,1224,1287,1,414,8,koppacha,381,381,0
386,2024082400,2,6,403,1287,1266,3,416,6,koppacha,337,337,0
387,2024082400,3,6,403,1266,1324,1,413,4,koppacha,392,392,0
388,2024082400,4,6,403,1324,1285,4,417,2,koppacha,191,191,0
389,2024082400,5,6,403,1285,1249,4,414,7,koppacha,318,318,0
390,2024082400,6,6,403,1249,1278,2,416,5,koppacha,384,384,0
391,2024082400,7,6,403,1278,1335,1,413,3,koppacha,384,384,0
392,2024082400,8,6,403,1335,1232,6,417,6,koppacha,167,167,0
393,2024082400,9,6,403,1232,1188,4,415,8,koppacha,151,151,0
394,2024082400,10,6,403,1188,1109,5,418,7,koppacha,234,234,0
395,2024082400,11,6,403,1109,1153,2,414,5,koppacha,354,354,0
396,2024082400,12,6,403,1153,1131,4,416,4,koppacha,424,424,0
397,2024082400,13,6,403,1131,1110,4,415,6,koppacha,275,275,0
398,2024082400,14,6,403,1110,1061,5,418,8,koppacha,249,249,0
399,2024082400,15,6,403,1061,1078,3,414,1,koppacha,340,340,0
400,2024082400,16,6,403,1078,1062,4,417,3,koppacha,202,202,0
401,2024082400,17,6,403,1062,1111,2,416,7,koppacha,408,408,0
402,2024082400,18,6,403,1111,1062,5,418,6,koppacha,245,245,0
403,2024082400,19,6,403,1062,1110,2,413,8,koppacha,343,343,0
404,2024082400,20,6,403,1110,1061,5,414,2,koppacha,318,318,0
405,2024082400,21,6,403,1061,1078,3,417,1,koppacha,311,311,0
406,2024082400,22,6,403,1078,1032,5,418,5,koppacha,324,324,0
407,2024082400,23,6,403,1032,1114,1,413,6,koppacha,354,354,0
408,2024082400,24,6,403,1114,1111,3,415,3,koppacha,266,266,0
409,2024082400,1,6,403,1293,1318,2,414,8,kobachi_no_udon,369,369,0
410,2024082400,2,6,403,1318,1341,2,416,6,kobachi_no_udon,391,391,0
411,2024082400,3,6,403,1341,1330,3,413,4,kobachi_no_udon,320,320,0
412,2024082400,4,6,403,1330,1382,1,417,2,kobachi_no_udon,282,282,0
413,2024082400,5,6,403,1382,1429,1,414,7,kobachi_no_udon,383,383,0
414,2024082400,6,6,403,1429,1379,4,416,5,kobachi_no_udon,352,352,0
415,2024082400,7,6,403,1379,1364,3,413,3,kobachi_no_udon,363,363,0
416,2024082400,8,6,403,1364,1351,3,417,6,kobachi_no_udon,256,256,0
417,2024082400,9,6,403,1351,1374,2,415,8,kobachi_no_udon,228,228,0
418,2024082400,10,6,403,1374,1316,4,418,7,kobachi_no_udon,238,238,0
419,2024082400,11,6,403,1316,1246,5,414,5,kobachi_no_udon,307,307,0
420,2024082400,12,6,403,1246,1275,2,416,4,kobachi_no_udon,445,445,0
421,2024082400,13,6,403,1275,1301,2,415,6,kobachi_no_udon,277,277,0
422,2024082400,14,6,403,1301,1356,1,418,8,kobachi_no_udon,398,398,0
423,2024082400,15,6,403,1356,1313,4,414,1,kobachi_no_udon,331,331,0
424,2024082400,16,6,403,1313,1367,1,417,3,kobachi_no_udon,290,290,0
425,2024082400,17,6,403,1367,1292,5,416,7,kobachi_no_udon,308,308,0
426,2024082400,18,6,403,1292,1317,2,418,6,kobachi_no_udon,323,323,0
427,2024082400,19,6,403,1317,1370,1,413,8,kobachi_no_udon,407,407,0
428,2024082400,20,6,403,1370,1418,1,414,2,kobachi_no_udon,465,465,0
429,2024082400,21,6,403,1418,1461,1,417,1,kobachi_no_udon,438,438,0
430,2024082400,22,6,403,1461,1500,1,418,5,kobachi_no_udon,357,357,0
431,2024082400,23,6,403,1500,1488,2,413,6,kobachi_no_udon,344,344,0
432,2024082400,24,6,403,1488,1447,3,415,3,kobachi_no_udon,261,261,0
433,2024082400,1,6,403,1384,1308,5,414,8,mercysnow,210,210,0
434,2024082400,2,6,403,1308,1362,1,416,6,mercysnow,456,456,0
435,2024082400,3,6,403,1362,1318,4,413,4,mercysnow,319,319,0
436,2024082400,4,6,403,1318,1340,2,417,2,mercysnow,244,244,0
437,2024082400,5,6,403,1340,1268,5,414,7,mercysnow,307,307,0
438,2024082400,6,6,403,1268,1326,1,416,5,mercysnow,377,377,0
439,2024082400,7,6,403,1326,1286,4,413,3,mercysnow,352,352,0
440,2024082400,8,6,403,1286,1250,4,417,6,mercysnow,309,309,0
441,2024082400,9,6,403,1250,1323,1,415,8,mercysnow,267,267,0
442,2024082400,10,6,403,1323,1350,2,418,7,mercysnow,333,333,0
443,2024082400,11,6,403,1350,1400,1,414,5,mercysnow,422,422,0
444,2024082400,12,6,403,1400,1383,3,416,4,mercysnow,317,317,0
445,2024082400,13,6,403,1383,1430,1,415,6,mercysnow,288,288,0
446,2024082400,14,6,403,1430,1441,2,418,8,mercysnow,372,372,0
447,2024082400,15,6,403,1441,1482,1,414,1,mercysnow,392,392,0
448,2024082400,16,6,403,1482,1488,2,417,3,mercysnow,265,265,0
449,2024082400,17,6,403,1488,1432,4,416,7,mercysnow,400,400,0
450,2024082400,18,6,403,1432,1381,4,418,6,mercysnow,306,306,0
451,2024082400,19,6,403,1381,1305,5,413,8,mercysnow,260,260,0
452,2024082400,20,6,403,1305,1328,2,414,2,mercysnow,376,376,0
453,2024082400,21,6,403,1328,1257,5,417,1,mercysnow,254,254,0
454,2024082400,22,6,403,1257,1224,4,418,5,mercysnow,349,349,0
455,2024082400,23,6,403,1224,1164,5,413,6,mercysnow,299,299,0
456,2024082400,24,6,403,1164,1233,1,415,3,mercysnow,290,290,0
457,2024082400,1,6,403,925,955,3,414,8,albut3,340,340,0
458,2024082400,2,6,403,955,921,5,416,6,albut3,374,374,0
459,2024082400,3,6,403,921,983,2,413,4,albut3,344,344,0
460,2024082400,4,6,403,983,947,5,417,2,albut3,182,182,0
461,2024082400,5,6,403,947,975,3,414,7,albut3,356,356,0
462,2024082400,6,6,403,975,1000,3,416,5,albut3,403,403,0
463,2024082400,7,6,403,1000,962,5,413,3,albut3,344,344,0
464,2024082400,8,6,403,962,1051,1,417,6,albut3,295,295,0
465,2024082400,9,6,403,1051,1065,3,415,8,albut3,205,205,0
466,2024082400,10,6,403,1065,1156,1,418,7,albut3,354,354,0
467,2024082400,11,6,403,1156,1164,3,414,5,albut3,357,357,0
468,2024082400,12,6,403,1164,1233,1,416,4,albut3,495,495,0
469,2024082400,13,6,403,1233,1141,6,415,6,albut3,232,232,0
470,2024082400,14,6,403,1141,1119,4,418,8,albut3,229,229,0
471,2024082400,15,6,403,1119,1069,5,414,1,albut3,386,386,0
472,2024082400,16,6,403,1069,1085,3,417,3,albut3,212,212,0
473,2024082400,17,6,403,1085,1161,1,416,7,albut3,437,437,0
474,2024082400,18,6,403,1161,1076,6,418,6,albut3,233,233,0
475,2024082400,19,6,403,1076,999,6,413,8,albut3,249,249,0
476,2024082400,20,6,403,999,1022,3,414,2,albut3,313,313,0
477,2024082400,21,6,403,1022,1074,2,417,1,albut3,367,367,0
478,2024082400,22,6,403,1074,1121,2,418,5,albut3,352,352,0
479,2024082400,23,6,403,1121,1147,2,413,6,albut3,349,349,0
480,2024082400,24,6,403,1147,1094,5,415,3,albut3,253,253,0
481,2024082400,1,6,403,644,611,6,414,8,toripoppo0307,199,199,0
482,2024082400,2,6,403,611,581,6,416,6,toripoppo0307,232,232,0
483,2024082400,3,6,403,581,585,5,413,4,toripoppo0307,292,292,0
484,2024082400,4,6,403,585,557,6,417,2,toripoppo0307,178,178,0
485,2024082400,5,6,403,557,532,6,414,7,toripoppo0307,221,221,0
486,2024082400,6,6,403,532,541,5,416,5,toripoppo0307,302,302,0
487,2024082400,7,6,403,541,518,6,413,3,toripoppo0307,128,128,0
488,2024082400,8,6,403,518,528,5,417,6,toripoppo0307,214,214,0
489,2024082400,11,6,403,528,568,4,414,5,toripoppo0307,317,317,0
490,2024082400,12,6,403,568,542,6,416,4,toripoppo0307,232,232,0
491,2024082400,13,6,403,542,550,5,415,6,toripoppo0307,253,253,0
492,2024082400,14,6,403,550,526,6,418,8,toripoppo0307,146,146,0
493,2024082400,15,6,403,526,504,6,414,1,toripoppo0307,260,260,0
494,2024082400,16,6,403,504,485,6,417,3,toripoppo0307,128,128,0
495,2024082400,17,6,403,485,467,6,416,7,toripoppo0307,262,262,0
496,2024082400,18,6,403,467,543,3,418,6,toripoppo0307,303,303,0
497,2024082400,19,6,403,543,582,4,413,8,toripoppo0307,291,291,0
498,2024082400,20,6,403,582,555,6,414,2,toripoppo0307,204,204,0
499,2024082400,21,6,403,555,530,6,417,1,toripoppo0307,210,210,0
500,2024082400,22,6,403,530,508,6,418,5,toripoppo0307,213,213,0
501,2024082400,23,6,403,508,488,6,413,6,toripoppo0307,239,239,0
502,2024082400,24,6,403,488,470,6,415,3,toripoppo0307,246,246,0
503,2024082400,1,6,403,1005,996,4,414,8,atmy_17,286,286,0
504,2024082400,2,6,403,996,1004,3,416,6,atmy_17,345,345,0
505,2024082400,3,6,403,1004,935,6,413,4,atmy_17,293,293,0
506,2024082400,4,6,403,935,964,3,417,2,atmy_17,229,229,0
507,2024082400,5,6,403,964,1022,2,414,7,atmy_17,379,379,0
508,2024082400,6,6,403,1022,951,6,416,5,atmy_17,269,269,0
509,2024082400,7,6,403,951,1010,2,413,3,atmy_17,355,355,0
510,2024082400,8,6,403,1010,1063,2,417,6,atmy_17,260,260,0
511,2024082400,9,6,403,1063,997,5,415,8,atmy_17,156,156,0
512,2024082400,10,6,403,997,1016,3,418,7,atmy_17,298,298,0
513,2024082400,11,6,403,1016,945,6,414,5,atmy_17,281,281,0
514,2024082400,12,6,403,945,912,5,416,4,atmy_17,297,297,0
515,2024082400,13,6,403,912,944,3,415,6,atmy_17,294,294,0
516,2024082400,14,6,403,944,973,3,418,8,atmy_17,318,318,0
517,2024082400,15,6,403,973,1030,2,414,1,atmy_17,336,336,0
518,2024082400,16,6,403,1030,989,5,417,3,atmy_17,195,195,0
519,2024082400,17,6,403,989,1014,3,416,7,atmy_17,404,404,0
520,2024082400,18,6,403,1014,1098,1,418,6,atmy_17,382,382,0
521,2024082400,19,6,403,1098,1111,3,413,8,atmy_17,349,349,0
522,2024082400,20,6,403,1111,1093,4,414,2,atmy_17,383,383,0
523,2024082400,21,6,403,1093,1077,4,417,1,atmy_17,279,279,0
524,2024082400,22,6,403,1077,1092,3,418,5,atmy_17,361,361,0
525,2024082400,23,6,403,1092,1075,4,413,6,atmy_17,354,354,0
526,2024082400,24,6,403,1075,1121,2,415,3,atmy_17,273,273,0
527,2024090700,1,4,403,1111,1159,1,418,2,koppacha,246,20,0
528,2024090700,2,4,403,1159,1083,4,416,8,koppacha,249,54,0
529,2024090700,3,4,403,1083,1015,4,413,7,koppacha,206,8,0
530,2024090700,4,4,403,1015,1072,1,414,5,koppacha,416,24,0
531,2024090700,5,4,403,1072,1124,1,417,1,koppacha,364,21,0
532,2024090700,6,4,403,1124,1052,4,415,4,koppacha,184,62,0
533,2024090700,7,4,403,1052,1066,2,413,2,koppacha,300,8,0
534,2024090700,8,4,403,1066,999,4,414,3,koppacha,248,0,0
535,2024090700,9,4,403,999,979,3,417,8,koppacha,153,47,0
536,2024090700,10,4,403,979,1000,2,416,5,koppacha,385,47,0
537,2024090700,11,4,403,1000,980,3,413,1,koppacha,343,17,0
538,2024090700,12,4,403,980,962,3,418,6,koppacha,299,31,0
539,2024090700,13,4,403,962,1025,1,417,2,koppacha,288,56,0
540,2024090700,14,4,403,1025,1042,2,416,7,koppacha,330,10,0
541,2024090700,15,4,403,1042,978,4,415,3,koppacha,176,17,0
542,2024090700,16,4,403,978,1039,1,414,6,koppacha,367,24,0
543,2024090700,17,4,403,1039,1015,3,417,5,koppacha,214,20,0
544,2024090700,18,4,403,1015,1072,1,413,4,koppacha,400,4,0
545,2024090700,19,4,403,1072,1005,4,415,1,koppacha,178,31,0
546,2024090700,20,4,403,1005,984,3,418,2,koppacha,332,39,0
547,2024090700,21,4,403,984,1005,2,417,3,koppacha,255,18,0
548,2024090700,22,4,403,1005,984,3,413,5,koppacha,333,34,0
549,2024090700,23,4,403,984,1005,2,414,7,koppacha,307,40,0
550,2024090700,24,4,403,1005,944,4,418,4,koppacha,359,86,0
551,2024090700,1,4,403,652,706,2,418,2,April_lapispik,229,23,0
552,2024090700,2,4,403,706,715,3,416,8,April_lapispik,258,45,0
553,2024090700,3,4,403,715,762,2,413,7,April_lapispik,309,43,0
554,2024090700,4,4,403,762,766,3,414,5,April_lapispik,328,50,0
555,2024090700,5,4,403,766,769,3,417,1,April_lapispik,237,21,0
556,2024090700,6,4,403,769,811,2,415,4,April_lapispik,243,14,0
557,2024090700,7,4,403,811,770,4,413,2,April_lapispik,241,28,0
558,2024090700,8,4,403,770,852,1,414,3,April_lapispik,315,22,0
559,2024090700,9,4,403,852,807,4,417,8,April_lapispik,70,45,0
560,2024090700,10,4,403,807,806,3,416,5,April_lapispik,321,15,0
561,2024090700,11,4,403,806,765,4,413,1,April_lapispik,209,26,0
562,2024090700,12,4,403,765,807,2,418,6,April_lapispik,314,27,0
563,2024090700,13,4,403,807,845,2,417,2,April_lapispik,208,5,0
564,2024090700,14,4,403,845,840,3,416,7,April_lapispik,329,38,0
565,2024090700,15,4,403,840,836,3,415,3,April_lapispik,207,8,0
566,2024090700,16,4,403,836,871,2,414,6,April_lapispik,320,17,0
567,2024090700,17,4,403,871,824,4,417,5,April_lapispik,106,9,0
568,2024090700,18,4,403,824,782,4,413,4,April_lapispik,346,0,0
569,2024090700,19,4,403,782,784,3,415,1,April_lapispik,176,16,0
570,2024090700,20,4,403,784,746,4,418,2,April_lapispik,190,44,0
571,2024090700,21,4,403,746,711,4,417,3,April_lapispik,196,20,0
572,2024090700,22,4,403,711,759,2,413,5,April_lapispik,323,15,0
573,2024090700,23,4,403,759,763,3,414,7,April_lapispik,232,14,0
574,2024090700,24,4,403,763,846,1,418,4,April_lapispik,342,17,0
575,2024090700,1,4,403,1094,1025,4,418,2,albut3,236,96,0
576,2024090700,2,4,403,1025,1082,1,416,8,albut3,425,25,0
577,2024090700,3,4,403,1082,1133,1,413,7,albut3,329,39,0
578,2024090700,4,4,403,1133,1139,2,414,5,albut3,349,42,0
579,2024090700,5,4,403,1139,1144,2,417,1,albut3,277,17,0
580,2024090700,6,4,403,1144,1189,1,415,4,albut3,332,43,0
581,2024090700,7,4,403,1189,1229,1,413,2,albut3,316,19,0
582,2024090700,8,4,403,1229,1225,2,414,3,albut3,297,41,0
583,2024090700,9,4,403,1225,1261,1,417,8,albut3,237,12,0
584,2024090700,10,4,403,1261,1294,1,416,5,albut3,418,27,0
585,2024090700,11,4,403,1294,1324,1,413,1,albut3,407,33,0
586,2024090700,12,4,403,1324,1351,1,418,6,albut3,355,50,0
587,2024090700,13,4,403,1351,1296,3,417,2,albut3,224,29,0
588,2024090700,14,4,403,1296,1326,1,416,7,albut3,412,48,0
589,2024090700,15,4,403,1326,1352,1,415,3,albut3,278,33,0
590,2024090700,16,4,403,1352,1257,4,414,6,albut3,326,41,0
591,2024090700,17,4,403,1257,1290,1,417,5,albut3,305,13,0
592,2024090700,18,4,403,1290,1280,2,413,4,albut3,379,20,0
593,2024090700,19,4,403,1280,1271,2,415,1,albut3,230,24,0
594,2024090700,20,4,403,1271,1303,1,418,2,albut3,379,48,0
595,2024090700,21,4,403,1303,1332,1,417,3,albut3,294,19,0
596,2024090700,22,4,403,1332,1358,1,413,5,albut3,348,38,0
597,2024090700,23,4,403,1358,1262,4,414,7,albut3,235,48,0
598,2024090700,24,4,403,1262,1255,2,418,4,albut3,345,26,0
599,2024090700,1,4,403,1121,1088,3,418,2,atmy_17,256,93,0
600,2024090700,2,4,403,1088,1099,2,416,8,atmy_17,305,61,0
601,2024090700,3,4,403,1099,1069,3,413,7,atmy_17,252,39,0
602,2024090700,4,4,403,1069,1002,4,414,5,atmy_17,273,61,0
603,2024090700,5,4,403,1002,942,4,417,1,atmy_17,273,95,0
604,2024090700,6,4,403,942,927,3,415,4,atmy_17,198,8,0
605,2024090700,7,4,403,927,914,3,413,2,atmy_17,266,9,0
606,2024090700,8,4,403,914,903,3,414,3,atmy_17,295,41,0
607,2024090700,9,4,403,903,932,2,417,8,atmy_17,180,50,0
608,2024090700,10,4,403,932,879,4,416,5,atmy_17,322,29,0
609,2024090700,11,4,403,879,910,2,413,1,atmy_17,345,16,0
610,2024090700,12,4,403,910,859,4,418,6,atmy_17,296,55,0
611,2024090700,13,4,403,859,813,4,417,2,atmy_17,220,43,0
612,2024090700,14,4,403,813,772,4,416,7,atmy_17,308,104,0
613,2024090700,15,4,403,772,814,2,415,3,atmy_17,253,13,0
614,2024090700,16,4,403,814,813,3,414,6,atmy_17,345,49,0
615,2024090700,17,4,403,813,851,2,417,5,atmy_17,278,22,0
616,2024090700,18,4,403,851,846,3,413,4,atmy_17,359,11,0
617,2024090700,19,4,403,846,920,1,415,1,atmy_17,223,6,0
618,2024090700,20,4,403,920,947,2,418,2,atmy_17,332,17,0
619,2024090700,21,4,403,947,932,3,417,3,atmy_17,220,30,0
620,2024090700,22,4,403,932,879,4,413,5,atmy_17,246,6,0
621,2024090700,23,4,403,879,950,1,414,7,atmy_17,364,14,0
622,2024090700,24,4,403,950,935,3,418,4,atmy_17,342,54,0
623,2024100300,1,4,403,944,940,3,418,6,koppacha,359,38,0
624,2024100300,2,4,403,940,936,3,413,8,koppacha,265,25,0
625,2024100300,3,4,403,936,932,3,414,7,koppacha,255,15,0
626,2024100300,4,4,403,932,974,2,416,4,koppacha,315,33,0
627,2024100300,5,4,403,974,1012,2,417,3,koppacha,228,20,0
628,2024100300,6,4,403,1012,1046,2,413,6,koppacha,347,15,0
629,2024100300,7,4,403,1046,1031,3,414,2,koppacha,273,58,0
630,2024100300,8,4,403,1031,1040,2,418,5,koppacha,356,11,0
631,2024100300,9,4,403,1040,1071,2,417,4,koppacha,276,10,0
632,2024100300,10,4,403,1071,1054,3,415,1,koppacha,253,21,0
633,2024100300,11,4,403,1054,1128,1,414,3,koppacha,447,29,0
634,2024100300,12,4,403,1128,1060,4,416,5,koppacha,313,28,0
635,2024100300,13,4,403,1060,1044,3,418,7,koppacha,302,26,0
636,2024100300,14,4,403,1044,1075,2,415,8,koppacha,249,16,0
637,2024100300,15,4,403,1075,1102,2,413,2,koppacha,293,38,0
638,2024100300,16,4,403,1102,1037,4,416,3,koppacha,431,85,0
639,2024100300,17,4,403,1037,1023,3,414,4,koppacha,275,1,0
640,2024100300,18,4,403,1023,1101,1,418,8,koppacha,406,35,0
641,2024100300,19,4,403,1101,1081,3,413,7,koppacha,236,82,0
642,2024100300,20,4,403,1081,1018,4,415,5,koppacha,275,91,0
643,2024100300,21,4,403,1018,1096,1,417,1,koppacha,356,43,0
644,2024100300,22,4,403,1096,1076,3,418,3,koppacha,325,11,0
645,2024100300,23,4,403,1076,1058,3,414,8,koppacha,338,21,0
646,2024100300,24,4,403,1058,997,4,416,2,koppacha,318,26,0
647,2024100300,1,4,403,1447,1347,4,418,6,kobachi_no_udon,202,40,0
648,2024100300,2,4,403,1347,1347,2,413,8,kobachi_no_udon,323,28,0
649,2024100300,3,4,403,1347,1392,1,414,7,kobachi_no_udon,323,71,0
650,2024100300,4,4,403,1392,1433,1,416,4,kobachi_no_udon,532,47,0
651,2024100300,5,4,403,1433,1380,3,417,3,kobachi_no_udon,267,80,0
652,2024100300,6,4,403,1380,1332,3,413,6,kobachi_no_udon,327,18,0
653,2024100300,7,4,403,1332,1379,1,414,2,kobachi_no_udon,439,25,0
654,2024100300,8,4,403,1379,1353,2,418,5,kobachi_no_udon,386,41,0
655,2024100300,9,4,403,1353,1398,1,417,4,kobachi_no_udon,333,20,0
656,2024100300,10,4,403,1398,1393,2,415,1,kobachi_no_udon,268,25,0
657,2024100300,11,4,403,1393,1344,3,414,3,kobachi_no_udon,319,40,0
658,2024100300,12,4,403,1344,1345,2,416,5,kobachi_no_udon,437,65,0
659,2024100300,13,4,403,1345,1255,4,418,7,kobachi_no_udon,320,89,0
660,2024100300,14,4,403,1255,1309,1,415,8,kobachi_no_udon,260,13,0
661,2024100300,15,4,403,1309,1358,1,413,2,kobachi_no_udon,421,4,0
662,2024100300,16,4,403,1358,1402,1,416,3,kobachi_no_udon,495,14,0
663,2024100300,17,4,403,1402,1397,2,414,4,kobachi_no_udon,315,33,0
664,2024100300,18,4,403,1397,1392,2,418,8,kobachi_no_udon,351,47,0
665,2024100300,19,4,403,1392,1388,2,413,7,kobachi_no_udon,302,28,0
666,2024100300,20,4,403,1388,1384,2,415,5,kobachi_no_udon,274,29,0
667,2024100300,21,4,403,1384,1381,2,417,1,kobachi_no_udon,368,100,0
668,2024100300,22,4,403,1381,1378,2,418,3,kobachi_no_udon,408,54,0
669,2024100300,23,4,403,1378,1420,1,414,8,kobachi_no_udon,357,31,0
670,2024100300,24,4,403,1420,1458,1,416,2,kobachi_no_udon,440,33,0
671,2024100300,1,4,403,846,896,2,418,6,April_lapispik,367,25,0
672,2024100300,2,4,403,896,851,4,413,8,April_lapispik,203,20,0
673,2024100300,3,4,403,851,901,2,414,7,April_lapispik,294,43,0
674,2024100300,4,4,403,901,856,4,416,4,April_lapispik,226,67,0
675,2024100300,5,4,403,856,815,4,417,3,April_lapispik,180,50,0
676,2024100300,6,4,403,815,778,4,413,6,April_lapispik,315,21,0
677,2024100300,7,4,403,778,745,4,414,2,April_lapispik,203,11,0
678,2024100300,8,4,403,745,715,4,418,5,April_lapispik,196,48,0
679,2024100300,9,4,403,715,688,4,417,4,April_lapispik,193,32,0
680,2024100300,10,4,403,688,664,4,415,1,April_lapispik,239,10,0
681,2024100300,11,4,403,664,643,4,414,3,April_lapispik,232,36,0
682,2024100300,12,4,403,643,669,3,416,5,April_lapispik,355,35,0
683,2024100300,13,4,403,669,737,2,418,7,April_lapispik,338,59,0
684,2024100300,14,4,403,737,708,4,415,8,April_lapispik,192,24,0
685,2024100300,15,4,403,708,727,3,413,2,April_lapispik,281,32,0
686,2024100300,16,4,403,727,789,2,416,3,April_lapispik,461,51,0
687,2024100300,17,4,403,789,755,4,414,4,April_lapispik,254,19,0
688,2024100300,18,4,403,755,769,3,418,8,April_lapispik,319,41,0
689,2024100300,19,4,403,769,737,4,413,7,April_lapispik,151,41,0
690,2024100300,20,4,403,737,753,3,415,5,April_lapispik,251,16,0
691,2024100300,21,4,403,753,723,4,417,1,April_lapispik,251,22,0
692,2024100300,22,4,403,723,696,4,418,3,April_lapispik,331,33,0
693,2024100300,23,4,403,696,671,4,414,8,April_lapispik,196,28,0
694,2024100300,24,4,403,671,694,3,416,2,April_lapispik,371,38,0
695,2024100300,1,4,403,1255,1309,1,418,6,albut3,397,38,0
696,2024100300,2,4,403,1309,1358,1,413,8,albut3,330,0,0
697,2024100300,3,4,403,1358,1267,4,414,7,albut3,292,63,0
698,2024100300,4,4,403,1267,1230,3,416,4,albut3,376,98,0
699,2024100300,5,4,403,1230,1287,1,417,3,albut3,339,3,0
700,2024100300,6,4,403,1287,1338,1,413,6,albut3,408,11,0
701,2024100300,7,4,403,1338,1339,2,414,2,albut3,399,18,0
702,2024100300,8,4,403,1339,1385,1,418,5,albut3,421,38,0
703,2024100300,9,4,403,1385,1336,3,417,4,albut3,311,76,0
704,2024100300,10,4,403,1336,1382,1,415,1,albut3,308,11,0
705,2024100300,11,4,403,1382,1378,2,414,3,albut3,364,15,0
706,2024100300,12,4,403,1378,1420,1,416,5,albut3,481,55,0
707,2024100300,13,4,403,1420,1458,1,418,7,albut3,324,36,0
708,2024100300,14,4,403,1458,1402,3,415,8,albut3,236,6,0
709,2024100300,15,4,403,1402,1307,4,413,2,albut3,250,28,0
710,2024100300,16,4,403,1307,1266,3,416,3,albut3,432,42,0
711,2024100300,17,4,403,1266,1319,1,414,4,albut3,415,20,0
712,2024100300,18,4,403,1319,1232,4,418,8,albut3,288,43,0
713,2024100300,19,4,403,1232,1289,1,413,7,albut3,305,6,0
714,2024100300,20,4,403,1289,1340,1,415,5,albut3,299,14,0
715,2024100300,21,4,403,1340,1296,3,417,1,albut3,272,38,0
716,2024100300,22,4,403,1296,1346,1,418,3,albut3,441,64,0
717,2024100300,23,4,403,1346,1346,2,414,8,albut3,370,52,0
718,2024100300,24,4,403,1346,1346,2,416,2,albut3,413,19,0
719,2024101900,1,6,403,997,986,4,417,1,koppacha,291,46,0
720,2024101900,2,6,403,986,946,5,416,3,koppacha,389,61,0
721,2024101900,3,6,403,946,969,3,418,2,koppacha,303,10,0
722,2024101900,4,6,403,969,1049,1,413,5,koppacha,381,8,0
723,2024101900,5,6,403,1049,974,6,417,6,koppacha,237,107,0
724,2024101900,6,6,403,974,936,5,416,4,koppacha,359,55,0
725,2024101900,7,6,403,936,990,2,414,3,koppacha,321,38,0
726,2024101900,8,6,403,990,1023,2,413,8,koppacha,318,25,0
727,2024101900,9,6,403,1023,1039,3,418,1,koppacha,297,15,0
728,2024101900,10,6,403,1039,1053,3,416,6,koppacha,392,99,0
729,2024101900,11,6,403,1053,1007,5,415,2,koppacha,218,33,0
730,2024101900,12,6,403,1007,1054,2,417,4,koppacha,302,22,0
731,2024101900,13,6,403,1054,1067,3,418,7,koppacha,361,78,0
732,2024101900,14,6,403,1067,1137,1,414,6,koppacha,429,42,0
733,2024101900,15,6,403,1137,1141,3,413,2,koppacha,308,13,0
734,2024101900,16,6,403,1141,1086,5,415,5,koppacha,242,36,0
735,2024101900,17,6,403,1086,1036,5,417,8,koppacha,181,54,0
736,2024101900,18,6,403,1036,962,6,418,4,koppacha,319,143,0
737,2024101900,19,6,403,962,955,4,413,6,koppacha,262,12,0
738,2024101900,20,6,403,955,948,4,415,3,koppacha,243,9,0
739,2024101900,21,6,403,948,942,4,416,8,koppacha,306,88,0
740,2024101900,22,6,403,942,966,3,414,2,koppacha,389,27,0
741,2024101900,23,6,403,966,987,3,417,5,koppacha,311,21,0
742,2024101900,24,6,403,987,918,6,413,1,koppacha,259,37,0
743,2024101900,1,6,403,1458,1460,2,417,1,kobachi_no_udon,350,68,0
744,2024101900,2,6,403,1460,1491,1,416,3,kobachi_no_udon,576,76,0
745,2024101900,3,6,403,1491,1490,2,418,2,kobachi_no_udon,374,80,0
746,2024101900,4,6,403,1490,1459,3,413,5,kobachi_no_udon,316,27,0
747,2024101900,5,6,403,1459,1372,5,417,6,kobachi_no_udon,233,68,0
748,2024101900,6,6,403,1372,1353,3,416,4,kobachi_no_udon,410,64,0
749,2024101900,7,6,403,1353,1395,1,414,3,kobachi_no_udon,465,36,0
750,2024101900,8,6,403,1395,1387,2,413,8,kobachi_no_udon,298,5,0
751,2024101900,9,6,403,1387,1396,2,418,1,kobachi_no_udon,380,37,0
752,2024101900,10,6,403,1396,1433,1,416,6,kobachi_no_udon,497,22,0
753,2024101900,11,6,403,1433,1467,1,415,2,kobachi_no_udon,376,24,0
754,2024101900,12,6,403,1467,1497,1,417,4,kobachi_no_udon,375,44,0
755,2024101900,13,6,403,1497,1406,5,418,7,kobachi_no_udon,250,59,0
756,2024101900,14,6,403,1406,1354,4,414,6,kobachi_no_udon,299,28,0
757,2024101900,15,6,403,1354,1396,1,413,2,kobachi_no_udon,418,8,0
758,2024101900,16,6,403,1396,1433,1,415,5,kobachi_no_udon,333,4,0
759,2024101900,17,6,403,1433,1408,3,417,8,kobachi_no_udon,193,10,0
760,2024101900,18,6,403,1408,1444,1,418,4,kobachi_no_udon,465,40,0
761,2024101900,19,6,403,1444,1477,1,413,6,kobachi_no_udon,440,4,0
762,2024101900,20,6,403,1477,1447,3,415,3,kobachi_no_udon,294,22,0
763,2024101900,21,6,403,1447,1480,1,416,8,kobachi_no_udon,398,29,0
764,2024101900,22,6,403,1480,1509,1,414,2,kobachi_no_udon,415,17,0
765,2024101900,23,6,403,1509,1417,5,417,5,kobachi_no_udon,177,71,0
766,2024101900,24,6,403,1417,1393,3,413,1,kobachi_no_udon,366,35,0
767,2024101900,1,6,403,1233,1287,1,417,1,mercysnow,414,13,0
768,2024101900,2,6,403,1287,1276,3,416,3,mercysnow,465,76,0
769,2024101900,3,6,403,1276,1207,5,418,2,mercysnow,288,82,0
770,2024101900,4,6,403,1207,1145,5,413,5,mercysnow,312,60,0
771,2024101900,5,6,403,1145,1178,2,417,6,mercysnow,262,28,0
772,2024101900,6,6,403,1178,1237,1,416,4,mercysnow,446,60,0
773,2024101900,7,6,403,1237,1231,3,414,3,mercysnow,293,24,0
774,2024101900,8,6,403,1231,1138,6,413,8,mercysnow,172,25,0
775,2024101900,9,6,403,1138,1083,5,418,1,mercysnow,233,32,0
776,2024101900,10,6,403,1083,1005,6,416,6,mercysnow,288,81,0
777,2024101900,11,6,403,1005,1052,2,415,2,mercysnow,289,18,0
778,2024101900,12,6,403,1052,1036,4,417,4,mercysnow,281,27,0
779,2024101900,13,6,403,1036,1080,2,418,7,mercysnow,301,17,0
780,2024101900,14,6,403,1080,1031,5,414,6,mercysnow,265,71,0
781,2024101900,15,6,403,1031,1017,4,413,2,mercysnow,307,25,0
782,2024101900,16,6,403,1017,1063,2,415,5,mercysnow,266,10,0
783,2024101900,17,6,403,1063,1105,2,417,8,mercysnow,223,35,0
784,2024101900,18,6,403,1105,1142,2,418,4,mercysnow,472,48,0
785,2024101900,19,6,403,1142,1087,5,413,6,mercysnow,284,38,0
786,2024101900,20,6,403,1087,1126,2,415,3,mercysnow,294,11,0
787,2024101900,21,6,403,1126,1161,2,416,8,mercysnow,397,46,0
788,2024101900,22,6,403,1161,1134,4,414,2,mercysnow,319,20,0
789,2024101900,23,6,403,1134,1183,1,417,5,mercysnow,352,13,0
790,2024101900,24,6,403,1183,1154,4,413,1,mercysnow,338,28,0
791,2024101900,1,6,403,694,684,5,417,1,April_lapispik,182,6,0
792,2024101900,2,6,403,684,646,6,416,3,April_lapispik,322,92,0
793,2024101900,3,6,403,646,670,4,418,2,April_lapispik,293,18,0
794,2024101900,4,6,403,670,692,4,413,5,April_lapispik,270,6,0
795,2024101900,5,6,403,692,741,3,417,6,April_lapispik,205,14,0
796,2024101900,6,6,403,741,755,4,416,4,April_lapispik,364,31,0
797,2024101900,7,6,403,755,709,6,414,3,April_lapispik,217,82,0
798,2024101900,8,6,403,709,727,4,413,8,April_lapispik,306,17,0
799,2024101900,9,6,403,727,743,4,418,1,April_lapispik,320,56,0
800,2024101900,10,6,403,743,728,5,416,6,April_lapispik,304,90,0
801,2024101900,11,6,403,728,685,6,415,2,April_lapispik,210,31,0
802,2024101900,12,6,403,685,734,3,417,4,April_lapispik,308,41,0
803,2024101900,13,6,403,734,750,4,418,7,April_lapispik,253,17,0
804,2024101900,14,6,403,750,823,2,414,6,April_lapispik,301,19,0
805,2024101900,15,6,403,823,771,6,413,2,April_lapispik,246,19,0
806,2024101900,16,6,403,771,812,3,415,5,April_lapispik,248,17,0
807,2024101900,17,6,403,812,820,4,417,8,April_lapispik,198,18,0
808,2024101900,18,6,403,820,827,4,418,4,April_lapispik,363,52,0
809,2024101900,19,6,403,827,862,3,413,6,April_lapispik,310,36,0
810,2024101900,20,6,403,862,806,6,415,3,April_lapispik,174,45,0
811,2024101900,21,6,403,806,784,5,416,8,April_lapispik,251,64,0
812,2024101900,22,6,403,784,736,6,414,2,April_lapispik,276,23,0
813,2024101900,23,6,403,736,824,1,417,5,April_lapispik,370,31,0
814,2024101900,24,6,403,824,919,1,413,1,April_lapispik,365,14,0
815,2024101900,1,6,403,1346,1329,3,417,1,albut3,266,11,0
816,2024101900,2,6,403,1329,1344,2,416,3,albut3,442,49,0
817,2024101900,3,6,403,1344,1387,1,418,2,albut3,348,39,0
818,2024101900,4,6,403,1387,1396,2,413,5,albut3,340,20,0
819,2024101900,5,6,403,1396,1433,1,417,6,albut3,317,44,0
820,2024101900,6,6,403,1433,1437,2,416,4,albut3,442,85,0
821,2024101900,7,6,403,1437,1382,4,414,3,albut3,229,12,0
822,2024101900,8,6,403,1382,1421,1,413,8,albut3,315,8,0
823,2024101900,9,6,403,1421,1456,1,418,1,albut3,444,27,0
824,2024101900,10,6,403,1456,1458,2,416,6,albut3,408,39,0
825,2024101900,11,6,403,1458,1401,4,415,2,albut3,245,9,0
826,2024101900,12,6,403,1401,1320,5,417,4,albut3,311,66,0
827,2024101900,13,6,403,1320,1365,1,418,7,albut3,375,29,0
828,2024101900,14,6,403,1365,1346,3,414,6,albut3,339,61,0
829,2024101900,15,6,403,1346,1270,5,413,2,albut3,317,38,0
830,2024101900,16,6,403,1270,1173,6,415,5,albut3,223,19,0
831,2024101900,17,6,403,1173,1233,1,417,8,albut3,276,20,0
832,2024101900,18,6,403,1233,1169,5,418,4,albut3,318,37,0
833,2024101900,19,6,403,1169,1200,2,413,6,albut3,329,37,0
834,2024101900,20,6,403,1200,1257,1,415,3,albut3,304,13,0
835,2024101900,21,6,403,1257,1249,3,416,8,albut3,328,60,0
836,2024101900,22,6,403,1249,1272,2,414,2,albut3,410,18,0
837,2024101900,23,6,403,1272,1234,4,417,5,albut3,345,76,0
838,2024101900,24,6,403,1234,1259,2,413,1,albut3,360,27,0
839,2024101900,1,6,403,470,453,6,417,1,toripoppo0307,256,105,0
840,2024101900,2,6,403,453,497,4,416,3,toripoppo0307,388,12,0
841,2024101900,3,6,403,497,477,6,418,2,toripoppo0307,227,71,0
842,2024101900,4,6,403,477,459,6,413,5,toripoppo0307,207,50,0
843,2024101900,5,6,403,459,502,4,417,6,toripoppo0307,229,61,0
844,2024101900,6,6,403,502,481,6,416,4,toripoppo0307,325,55,0
845,2024101900,7,6,403,481,492,5,414,3,toripoppo0307,232,41,0
846,2024101900,8,6,403,492,502,5,413,8,toripoppo0307,261,17,0
847,2024101900,9,6,403,502,482,6,418,1,toripoppo0307,277,80,0
848,2024101900,10,6,403,482,523,4,416,6,toripoppo0307,334,76,0
849,2024101900,11,6,403,523,589,3,415,2,toripoppo0307,310,51,0
850,2024101900,12,6,403,589,560,6,417,4,toripoppo0307,272,77,0
851,2024101900,13,6,403,560,534,6,418,7,toripoppo0307,193,75,0
852,2024101900,14,6,403,534,511,6,414,6,toripoppo0307,234,56,0
853,2024101900,15,6,403,511,608,2,413,2,toripoppo0307,306,6,0
854,2024101900,16,6,403,608,636,4,415,5,toripoppo0307,221,8,0
855,2024101900,17,6,403,636,602,6,417,8,toripoppo0307,98,51,0
856,2024101900,18,6,403,602,660,3,418,4,toripoppo0307,376,27,0
857,2024101900,19,6,403,660,624,6,413,6,toripoppo0307,186,81,0
858,2024101900,20,6,403,624,621,5,415,3,toripoppo0307,187,15,0
859,2024101900,21,6,403,621,589,6,416,8,toripoppo0307,241,132,0
860,2024101900,22,6,403,589,589,5,414,2,toripoppo0307,324,37,0
861,2024101900,23,6,403,589,560,6,417,5,toripoppo0307,160,62,0
862,2024101900,24,6,403,560,563,5,413,1,toripoppo0307,308,11,0
863,2024102600,1,5,403,918,860,5,416,3,koppacha,313,24,0
864,2024102600,2,5,403,860,808,5,414,5,koppacha,364,98,0
865,2024102600,3,5,403,808,828,3,418,4,koppacha,324,42,0
866,2024102600,4,5,403,828,913,1,415,7,koppacha,307,26,0
867,2024102600,5,6,403,913,970,2,413,1,koppacha,392,41,0
868,2024102600,6,6,403,970,903,6,416,2,koppacha,221,102,0
869,2024102600,7,6,403,903,961,2,417,4,koppacha,348,19,0
870,2024102600,8,6,403,961,895,6,414,6,koppacha,290,82,0
871,2024102600,9,6,403,895,864,5,413,3,koppacha,277,42,0
872,2024102600,10,6,403,864,955,1,418,5,koppacha,440,19,0
873,2024102600,11,6,403,955,889,6,416,1,koppacha,273,43,0
874,2024102600,12,6,403,889,918,3,415,6,koppacha,238,21,0
875,2024102600,13,6,403,918,944,3,417,2,koppacha,243,32,0
876,2024102600,14,6,403,944,939,4,418,3,koppacha,253,38,0
877,2024102600,15,6,403,939,904,5,416,4,koppacha,327,112,0
878,2024102600,16,6,403,904,888,4,415,5,koppacha,284,39,0
879,2024102600,17,6,403,888,888,4,414,1,koppacha,407,31,0
880,2024102600,18,6,403,888,917,3,413,8,koppacha,277,28,0
881,2024102600,19,6,403,917,943,3,418,6,koppacha,335,33,0
882,2024102600,20,6,403,943,908,5,417,3,koppacha,151,17,0
883,2024102600,21,6,403,908,847,6,414,7,koppacha,218,90,0
884,2024102600,22,6,403,847,792,6,415,4,koppacha,238,11,0
885,2024102600,23,6,403,792,890,1,413,6,koppacha,373,4,0
886,2024102600,24,6,403,890,890,4,416,5,koppacha,468,45,0
887,2024102600,1,5,403,1393,1422,1,416,3,kobachi_no_udon,512,66,0
888,2024102600,2,5,403,1422,1448,1,414,5,kobachi_no_udon,533,15,0
889,2024102600,3,5,403,1448,1472,1,418,4,kobachi_no_udon,460,53,0
890,2024102600,4,5,403,1472,1460,2,415,7,kobachi_no_udon,282,23,0
891,2024102600,5,6,403,1460,1491,1,413,1,kobachi_no_udon,436,16,0
892,2024102600,6,6,403,1491,1490,2,416,2,kobachi_no_udon,379,39,0
893,2024102600,7,6,403,1490,1518,1,417,4,kobachi_no_udon,396,16,0
894,2024102600,8,6,403,1518,1543,1,414,6,kobachi_no_udon,507,10,0
895,2024102600,9,6,403,1543,1567,1,413,3,kobachi_no_udon,389,24,0
896,2024102600,10,6,403,1567,1469,5,418,5,kobachi_no_udon,357,65,0
897,2024102600,11,6,403,1469,1499,1,416,1,kobachi_no_udon,482,33,0
898,2024102600,12,6,403,1499,1497,2,415,6,kobachi_no_udon,247,8,0
899,2024102600,13,6,403,1497,1495,2,417,2,kobachi_no_udon,281,11,0
900,2024102600,14,6,403,1495,1522,1,418,3,kobachi_no_udon,436,53,0
901,2024102600,15,6,403,1522,1547,1,416,4,kobachi_no_udon,480,47,0
902,2024102600,16,6,403,1547,1569,1,415,5,kobachi_no_udon,274,10,0
903,2024102600,17,6,403,1569,1560,2,414,1,kobachi_no_udon,440,14,0
904,2024102600,18,6,403,1560,1552,2,413,8,kobachi_no_udon,307,16,0
905,2024102600,19,6,403,1552,1575,1,418,6,kobachi_no_udon,470,11,0
906,2024102600,20,6,403,1575,1595,1,417,3,kobachi_no_udon,309,11,0
907,2024102600,21,6,403,1595,1583,2,414,7,kobachi_no_udon,356,12,0
908,2024102600,22,6,403,1583,1514,4,415,4,kobachi_no_udon,251,13,0
909,2024102600,23,6,403,1514,1511,2,413,6,kobachi_no_udon,385,31,0
910,2024102600,24,6,403,1511,1508,2,416,5,kobachi_no_udon,510,46,0
911,2024102600,5,6,403,1154,1098,5,413,1,mercysnow,328,11,0
912,2024102600,6,6,403,1098,1047,5,416,2,mercysnow,287,47,0
913,2024102600,7,6,403,1047,1031,4,417,4,mercysnow,321,45,0
914,2024102600,8,6,403,1031,1046,3,414,6,mercysnow,289,14,0
915,2024102600,9,6,403,1046,1059,3,413,3,mercysnow,353,21,0
916,2024102600,10,6,403,1059,1101,2,418,5,mercysnow,441,54,0
917,2024102600,11,6,403,1101,1139,2,416,1,mercysnow,453,30,0
918,2024102600,12,6,403,1139,1114,4,415,6,mercysnow,249,62,0
919,2024102600,13,6,403,1114,1180,1,417,2,mercysnow,293,21,0
920,2024102600,14,6,403,1180,1092,6,418,3,mercysnow,272,94,0
921,2024102600,15,6,403,1092,1131,2,416,4,mercysnow,449,60,0
922,2024102600,16,6,403,1131,1092,4,415,5,mercysnow,256,11,0
923,2024102600,17,6,403,1092,1013,6,414,1,mercysnow,383,52,0
924,2024102600,18,6,403,1013,1089,1,413,8,mercysnow,374,8,0
925,2024102600,19,6,403,1089,1128,2,418,6,mercysnow,387,31,0
926,2024102600,20,6,403,1128,1163,2,417,3,mercysnow,315,34,0
927,2024102600,21,6,403,1163,1136,4,414,7,mercysnow,335,50,0
928,2024102600,22,6,403,1136,1170,2,415,4,mercysnow,273,26,0
929,2024102600,23,6,403,1170,1171,3,413,6,mercysnow,363,27,0
930,2024102600,24,6,403,1171,1231,1,416,5,mercysnow,593,29,0
931,2024102600,1,5,403,919,894,4,416,3,April_lapispik,345,26,0
932,2024102600,2,5,403,894,872,4,414,5,April_lapispik,333,34,0
933,2024102600,3,5,403,872,819,5,418,4,April_lapispik,240,174,0
934,2024102600,4,5,403,819,838,3,415,7,April_lapispik,267,12,0
935,2024102600,5,6,403,838,784,6,413,1,April_lapispik,303,37,0
936,2024102600,6,6,403,784,795,4,416,2,April_lapispik,330,45,0
937,2024102600,7,6,403,795,774,5,417,4,April_lapispik,206,23,0
938,2024102600,8,6,403,774,845,2,414,6,April_lapispik,327,41,0
939,2024102600,9,6,403,845,790,6,413,3,April_lapispik,243,14,0
940,2024102600,10,6,403,790,829,3,418,5,April_lapispik,362,12,0
941,2024102600,11,6,403,829,835,4,416,1,April_lapispik,323,38,0
942,2024102600,12,6,403,835,810,5,415,6,April_lapispik,240,56,0
943,2024102600,13,6,403,810,818,4,417,2,April_lapispik,238,40,0
944,2024102600,14,6,403,818,795,5,418,3,April_lapispik,255,43,0
945,2024102600,15,6,403,795,745,6,416,4,April_lapispik,259,65,0
946,2024102600,16,6,403,745,700,6,415,5,April_lapispik,260,35,0
947,2024102600,17,6,403,700,807,1,414,1,April_lapispik,452,24,0
948,2024102600,18,6,403,807,785,5,413,8,April_lapispik,228,20,0
949,2024102600,19,6,403,785,765,5,418,6,April_lapispik,301,20,0
950,2024102600,20,6,403,765,718,6,417,3,April_lapispik,99,19,0
951,2024102600,21,6,403,718,705,5,414,7,April_lapispik,255,15,0
952,2024102600,22,6,403,705,752,3,415,4,April_lapispik,256,10,0
953,2024102600,23,6,403,752,707,6,413,6,April_lapispik,208,57,0
954,2024102600,24,6,403,707,695,5,416,5,April_lapispik,400,23,0
955,2024102600,1,5,403,1259,1268,2,416,3,albut3,394,29,0
956,2024102600,2,5,403,1268,1276,2,414,5,albut3,401,29,0
957,2024102600,3,5,403,1276,1283,2,418,4,albut3,412,28,0
958,2024102600,4,5,403,1283,1222,4,415,7,albut3,241,5,0
959,2024102600,5,6,403,1222,1203,3,413,1,albut3,374,41,0
960,2024102600,6,6,403,1203,1201,3,416,2,albut3,360,60,0
961,2024102600,7,6,403,1201,1199,3,417,4,albut3,333,51,0
962,2024102600,8,6,403,1199,1138,5,414,6,albut3,329,68,0
963,2024102600,9,6,403,1138,1172,2,413,3,albut3,354,5,0
964,2024102600,10,6,403,1172,1144,4,418,5,albut3,348,30,0
965,2024102600,11,6,403,1144,1148,3,416,1,albut3,392,95,0
966,2024102600,12,6,403,1148,1211,1,415,6,albut3,323,10,0
967,2024102600,13,6,403,1211,1149,5,417,2,albut3,217,22,0
968,2024102600,14,6,403,1149,1182,2,418,3,albut3,385,19,0
969,2024102600,15,6,403,1182,1182,3,416,4,albut3,365,94,0
970,2024102600,16,6,403,1182,1212,2,415,5,albut3,287,35,0
971,2024102600,17,6,403,1212,1150,5,414,1,albut3,380,33,0
972,2024102600,18,6,403,1150,1065,6,413,8,albut3,213,17,0
973,2024102600,19,6,403,1065,1047,4,418,6,albut3,351,50,0
974,2024102600,20,6,403,1047,1060,3,417,3,albut3,227,43,0
975,2024102600,21,6,403,1060,1131,1,414,7,albut3,384,27,0
976,2024102600,22,6,403,1131,1077,5,415,4,albut3,257,20,0
977,2024102600,23,6,403,1077,1058,4,413,6,albut3,325,2,0
978,2024102600,24,6,403,1058,1070,3,416,5,albut3,444,12,0
979,2024102600,1,5,403,563,608,3,416,3,toripoppo0307,407,79,0
980,2024102600,2,5,403,608,648,3,414,5,toripoppo0307,346,31,0
981,2024102600,3,5,403,648,650,4,418,4,toripoppo0307,192,54,0
982,2024102600,4,5,403,650,619,5,415,7,toripoppo0307,220,39,0
983,2024102600,5,6,403,619,660,3,413,1,toripoppo0307,341,8,0
984,2024102600,6,6,403,660,771,1,416,2,toripoppo0307,418,41,0
985,2024102600,7,6,403,771,724,6,417,4,toripoppo0307,255,86,0
986,2024102600,8,6,403,724,741,4,414,6,toripoppo0307,319,52,0
987,2024102600,9,6,403,741,756,4,413,3,toripoppo0307,301,17,0
988,2024102600,10,6,403,756,710,6,418,5,toripoppo0307,301,15,0
989,2024102600,11,6,403,710,698,5,416,1,toripoppo0307,288,42,0
990,2024102600,12,6,403,698,658,6,415,6,toripoppo0307,168,7,0
991,2024102600,13,6,403,658,622,6,417,2,toripoppo0307,92,15,0
992,2024102600,14,6,403,622,678,3,418,3,toripoppo0307,329,48,0
993,2024102600,15,6,403,678,699,4,416,4,toripoppo0307,240,17,0
994,2024102600,16,6,403,699,747,3,415,5,toripoppo0307,260,14,0
995,2024102600,17,6,403,747,790,3,414,1,toripoppo0307,425,29,0
996,2024102600,18,6,403,790,800,4,413,8,toripoppo0307,240,21,0
997,2024102600,19,6,403,800,750,6,418,6,toripoppo0307,264,90,0
998,2024102600,20,6,403,750,764,4,417,3,toripoppo0307,205,22,0
999,2024102600,21,6,403,764,806,3,414,7,toripoppo0307,308,19,0
1000,2024102600,22,6,403,806,903,1,415,4,toripoppo0307,317,22,0
1001,2024102600,23,6,403,903,872,5,413,6,toripoppo0307,292,12,0
1002,2024102600,24,6,403,872,815,6,416,5,toripoppo0307,354,126,0