card_key,creator,origin_stage_id,title,rule_name,difficulty,score_type,text
261009-001,こっぱちゃ,101,遭難地点,黄のみ,1,score,このランキングでは、黄ピクミン以外のピクミンを引き抜いたプレイは無効です。
261009-002,こっぱちゃ,102,希望の森,バクダン禁止,2,score,このランキングでは、バクダン岩を使用したプレイは無効です。
261009-003,こっぱちゃ,103,樹海のヘソ,壁破壊禁止,2,score,このランキングでは、壁にダメージを与えたプレイは無効です。
261009-004,むとう,104,大水源,ノーキル,2,score,このランキングでは、フィールド上の原生生物(ペレット草)のHPが0になったプレイは無効です。ダメージを与えたり、コガネモチをひっくり返す行為は認めます。
261009-005,こっぱちゃ,104,大水源,ペレット優先,2,score,このランキングでは、ピクミンの総数が100匹を超えていないかぎり、ペレット草以外の原生生物にダメージを与えてはなりません。（コガネモチをひっくり返すことはこの文脈において「ダメージを与える」とみなします）
261009-006,こっぱちゃ,105,最後の試練,全員集合,2,score,このランキングでは、フィールド上のピクミンをすべて引き抜き、隊列を連続1秒以上100匹にしたプレイのみ有効です。
261009-007,こっぱちゃ,200,ピクミン2本編,1000ポコRTA,3,time,このランキングでは、ピクミン2本編（言語不問）をプレイし、1000ポコ以上回収したことが画面で確認できるまでのリアルタイムを競います。タイマースタートはデータセレクトでAボタンを押したとき、タイマーストップは1000ポコ以上の表示が確認できたときとします。
261009-008,こっぱちゃ,200,ピクミン2チャレンジモード,12万点RTA,3,time,このランキングでは、ピクミン2チャレンジモードのステージを複数プレイし、合計スコアが12万点以上となるまでのリアルタイムを競います。ステージの順番は問いませんが、同じステージを２度計上することはできません。タイマースタートは最初のステージ開始時、タイマーストップは12万点を超えたプレイのリザルト画面で「セーブする/しない」を押した瞬間とします。
261009-009,こっぱちゃ,201,こてしらべの洞窟,運試しの小手調べ,1,score,このランキングは、袋小路に置かれたお宝を運搬したプレイは無効です。
261009-010,とりぽっぽ,201,こてしらべの洞窟,2026ポコ,2,score,このランキングでは、リザルト画面の「かせいだお金」が2026ポコ（20260点）となっているスコアのみ有効です。以上の条件を満たせば、プレイするステージはピクミン2チャレンジモード30ステージのどれでも構いません。なお、お宝の金額はGC日本語版準拠とします。
261009-011,ごれい,201,こてしらべの洞窟,単調減少,1,score,各階層最初にピクミンを呼んだら、以降隊列のピクミンが増えること（隊列にピクミンが加わること）を禁止する
261009-012,albut3,202,新参者の試練場,紫の一撃,5,score,このランキングでは、地下1階・2階のうち少なくとも一方で、紫1投でコガネモチ、オオガネモチ、オナラシの3体を全てひっくり返すことができた記録のみ有効です。
261009-013,こっぱちゃ,202,新参者の試練場,ノースプレー着手禁止,2,score,このランキングでは、ピクミンが原生生物にダメージを与えたり（コガネモチ系を倒すことを含む）、運搬を開始したりすることはゲキカラスプレー状態であるときに限られ、そうでないときにこれらの行為に着手することを禁じます。ピクミンが自動で同じ対象に対して攻撃・運搬を続けているかぎり、スプレーが切れても活動を続けることに制限はありません。拠点付近の加勢は例外的に許容されます。
261009-014,こっぱちゃ,203,神々のおもちゃ箱,B1Fガチンコ対決改,1,score,このランキングには、脱出後のリザルトスコアにB1Fの残タイムを10倍した数を加えた点数を提出してください。B1Fの残タイムはタイムを視認できる最終フレームを基準とします。このランキングは証拠動画必須とします。（提出後24時間以内であればイベント終了後の提出でも構いません）
261009-015,こっぱちゃ,203,神々のおもちゃ箱,999ポコ,1,score,"このランキングでは、リザルト画面の「かせいだお金」が1,000ポコ以上となっているプレイは無効です。"
261009-016,とりぽっぽ,204,あのひとの庭,893ポコ,1,score,このランキングでは、「かせいだ金額」が893ポコの状態で脱出したプレイ以外は無効です。
261009-017,albut3,204,あのひとの庭,舐めプ,5,score,このランキングでは、ノーミスクリアを必須とします。投げ・パンチ・解散・寝袋の使用を禁止します。ブタドックリ以外の全ての敵のHPを赤ゲージにしたうえで、ブタドックリを倒し鍵を回収して脱出してください。ブタドックリ以外の敵を倒した場合は無効です。自然回復でHPが黄色ゲージ以上に戻るのは許容します。
261009-018,こっぱちゃ,204,あのひとの庭,OoB縛り,3,score,このランキングでは、原生生物や壁、運搬物に対してピクミンにオシゴト（ダメージを与える、運搬班に加わる）をさせる行為およびスプレーの使用の一切は正規フィールド外からしか行えません。ただし、オリマー/ルーイの移動、オシゴトを伴わない隊列移動、笛・たんけんねぶくろの使用、フィールド外にピクミンを投げる行為、間欠泉の使用についてはフィールド内でも許容されます。オリマーパンチは正規フィールド内外に関わらず原生生物に対して使用できます。
261009-019,むとう,205,グリーンホール,2F内側縛り,1,score,"このランキングに投稿するプレイでは、まずB1Fはカギのみ回収が認められます。B2Fでは間欠泉へ向かう以外の目的で内側のくぼみから出てはいけません。くぼみから出たあとは移動と間欠泉から出るためのAボタンのみ許可します。"
261009-020,こっぱちゃ,205,グリーンホール,タマゴムシ10匹,3,score,このランキングは、タマゴムシを10匹以上回収したプレイのみ有効です。
261009-021,ごれい,206,地下の温室,1ポポガシ,1,score,ポポガシグサを1輪しか使用できない
261009-022,こっぱちゃ,206,地下の温室,3匹スナイパー,4,score,このランキングでは、B1F開始後、最初にタマゴを割ってタマゴムシを１匹以上倒したプレイのみ有効です。タマゴを割る前はポポガシグサでピクミンを増やせず、運搬もできず、また他の一切の原生生物に関与できません。タマゴを押すことに制限はありません。
261009-023,とりぽっぽ,207,鉄人の穴,フタクチ以外攻撃禁止,3,score,(第15回復刻) このランキングでは、B1Fに存在するフタクチドックリ以外すべての原生生物に対する直接攻撃（オリマー・ルーイ・ピクミンによるダメージを与える行為）を禁止します。
261009-024,こっぱちゃ,207,鉄人の穴,150秒,2,score,このランキングでは、リザルト画面の残りタイムが156以上であるプレイのみ有効です。
261009-025,リーヌァ,208,赤の洞窟,残スプレーコンテスト,1,score,ゲキカラ1つにつき20点、ゲキニガ1つにつき20点のボーナスが加算される。
261009-026,マイコー,208,赤の洞窟,画面半分縛り,1,score,プレイ開始前にプレイ画面の右半分もしくは左側半分をタオルなどの布で隠してプレイする縛り。プレイ開始後に布で隠したり途中で布の位置を変えたりするのは禁止。また布で隠す場合は必ず画面の約半分は見えないようにする。途中リタイアのスコアは無効
261009-027,とりぽっぽ,208,赤の洞窟,石化討伐,2,score,このランキングでは、ゲキニガスプレーがかかっている状態の原生生物以外に攻撃した記録はすべて無効です。
261009-028,とりぽっぽ,208,赤の洞窟,987ポコ,1,score,このランキングでは、「かせいだ金額」が987ポコの状態で脱出したプレイのみ有効です。
261009-029,こっぱちゃ,208,赤の洞窟,スプレーなし,1,score,このランキングでは、スプレーを使ったプレイは無効です。
261009-030,albut3,209,花園を荒らすもの,70秒,1,score,このランキングでは、「タイムボーナス」が111以上である記録のみ有効です。
261009-031,とりぽっぽ,209,花園を荒らすもの,埋まりのみ,2,score,このランキングでは、埋まりお宝とあのカギだけを回収して脱出したスコアのみ有効です。
261009-032,こっぱちゃ,209,花園を荒らすもの,渋滞選手権,1,score,このランキングでは、最初にあのカギを回収しなければならず、あのカギ回収後は脱出のためにAボタンを押すこと以外のすべての操作を禁じます。
261009-033,マイコー,209,花園を荒らすもの,ノーキル,2,score,（第15回復刻）このランキングでは、原生生物を倒したプレイは無効です。
261009-034,ごれい,210,たそがれの庭,死骸のみ,1,score,あのカギと死骸以外回収してはいけない
261009-035,とりぽっぽ,210,たそがれの庭,残ピク減点,3,score,このランキングでは、リザルト画面のスコアではなく、リザルト画面に表示されている｛かせいだお金＋タイムボーナス－残りピクミン｝を計算した数値を登録スコアとしてください。
261009-036,こっぱちゃ,210,たそがれの庭,フットキル,1,score,このランキングでは、ピクミンやオリマー・ルーイによってダマグモ以外の原生生物にダメージを与えたプレイは無効です。
261009-037,こっぱちゃ,211,かくしもちの洞窟,全手前,3,score,このランキングは、B1F〜B3Fの埋まりお宝が拠点側の地形にあった場合のプレイのみ有効です。
261009-038,エープリル,212,コンクリート迷路,壁破壊制限,1,score,このランキングでは、壁を3つ以上破壊したプレイは無効です。
261009-039,albut3,212,コンクリート迷路,最長運搬選手権,5,time,このランキングは、投稿するのはスコアではありません。地下2階の鍵の運搬開始（運搬の数字が表示された瞬間）の残時と、鍵が回収された残時（鍵ムービーから戻ってきたときに表示されている残時）の差が100以上だったならば、その値を投稿できます。ただし、鍵は必ず1匹で運搬することとし、運搬開始後に壁を開通したり、途中で運搬を止めることは禁止です。3階への到達有無は問いません。
261009-040,こっぱちゃ,212,コンクリート迷路,キノコチェック,2,score,このランキングでは、B2Fで穴に入るとき、操作していない方のリーダーはヒカリエノキに触れる位置で待機していなければなりません。
261009-041,こっぱちゃ,212,コンクリート迷路,2F残110以上,2,score,（第３回チーム対抗チャレンジリレー復刻）このランキングは、B2Fで穴に入る時点の残タイムが110以上であるプレイのみ有効です。
261009-042,albut3,213,コレクタールーム,2ピック,3,score,このランキングでは、①ピクミン投げ、②Bボタン、③隊列誘導＆解散、④スプレー。の4つのうち、2つを禁止してプレイしてください。
261009-043,とりぽっぽ,213,コレクタールーム,3333ポコ,1,score,このステージでは、「かせいだ金額」が3333ポコの状態で脱出したプレイ以外は無効です。金額はGC日本語版を基準とします。海外版・Switch版でプレイし「折れた食神」を回収した場合は10ポコ差し引いて申告してください。
261009-044,こっぱちゃ,213,コレクタールーム,厳選コレクター,1,score,このランキングは、各階で回収できるお宝はあのカギに加えて各１個までです。
261009-045,albut3,214,ショイグモの巣,渋滞選手権,3,score,このランキングでは、鍵を最初に回収しなければいけません。さらに、鍵を回収した後はムービー送りや脱出のためにAボタンを押す以外の全ての操作を禁止します（リーダーとフリーピクミンを事前に間欠泉の場所に置いておかないと脱出できません）。鍵の後になるべく多くの物が自動回収されるように仕込んで高得点を目指してください。
261009-046,noamoa,214,ショイグモの巣,ノーキル,1,score,敵を倒してはいけない
261009-047,とりぽっぽ,214,ショイグモの巣,900ポコ,1,score,このランキングでは、「かせいだ金額」が900ポコの状態で脱出したプレイ以外は無効です。
261009-048,albut3,214,ショイグモの巣,パーフェクトゲーム,5,score,このランキングでは、かせいだ金額1722ポコでの脱出を必須とします。ショイグモに反撃された、または何かを背負われた記録は無効です（リーダーを背負わせるのも禁止です）
261009-049,リーヌァ,215,大足の穴,手前か奥か,1,score,あのカギを回収後、間欠泉脱出のAボタン以外を押してはいけない。
261009-050,ごれい,215,大足の穴,B禁止,2,score,Bボタンを押すことを禁止する
261009-051,こっぱちゃ,215,大足の穴,属性罠破壊禁止,1,score,このランキングでは、間欠炎を破壊したプレイは無効です。
261009-052,ごれい,216,食神のかまど,操作禁止,4,score,一切の操作を禁止する（リタイアは許容される）
261009-053,こっぱちゃ,216,食神のかまど,ぶんどり禁止,1,score,このランキングでは、パンモドキとオオパンモドキが巣穴に一度持ち帰ったお宝は回収することを禁じます。
261009-054,こっぱちゃ,216,食神のかまど,残ピク減点,3,score,（第12回復刻）このランキングではリザルト画面のスコアではなく{かせいだお金＋タイムボーナス-残りピクミン}を計算した数値を最終リザルトとして登録してください。また、壁抜けによるピクミン調整をしたプレイは無効です。
261009-055,リーヌァ,217,三色試練場,エレキ無視,1,score,エレキムシを倒さずに攻略。エレキムシにダメージが入るのはいいが、完全にHPを削りきってしまった場合は無効。
261009-056,運搬能チャージ,217,三色試練場,紫禁止,1,score,この縛りでは、開始後すぐに紫ピクミン15匹を邪魔にならない場所(場外など)に隔離しなければならず、その後紫ピクミンを戦闘・運搬・ギミック破壊などの役目で使用してはいけません。リタイア記録は無効とします。
261009-057,とりぽっぽ,217,三色試練場,一色試練場,2,score,このランキングでは、ステージ開始直後に黄・紫・白のうちの任意の2色を全滅させてからプレイを開始した記録のみ有効です。このステージでは例外的にピクミンゼンメツやタイムアップあるいはリーダーダウンによりリタイアした記録も認めます。
261009-058,こっぱちゃ,217,三色試練場,１セット以上,2,score,このランキングでは、タマゴムシを20匹以上回収したプレイのみ有効です。
261009-059,とりぽっぽ,218,炎と水の試練場,赤ピクミンのみ,2,score,このランキングでは、ステージ開始後ただちに青ピクミンを間欠炎などで全滅させてからプレイを開始した記録のみ有効です。
261009-060,こっぱちゃ,218,炎と水の試練場,おまもりタマゴ,2,score,このランキングでは、B1Fではタマゴがあり、なおかつまだ割られていない状態でのみ原生生物へダメージを与えたり、運搬物を運搬することが認められます。B1Fでタマゴが出現していないプレイはすべて無効です。
261009-061,mercysnow,218,炎と水の試練場,タイム200倍,2,score,（第17回復刻）このランキングでは、リザルト画面のスコアではなく、{かせいだお金＋残りピクミン＋タイムボーナス×200}を最終リザルトとして登録してください。
261009-062,こっぱちゃ,219,鼻息の洞穴,6粉砕,2,score,（第４回チーム対抗チャレンジリレー復刻）このランキングでは、原生生物を6匹以上ゲキニガ状態中に倒したプレイのみ有効です。
261009-063,こっぱちゃ,219,鼻息の洞穴,スプレーなし,2,score,（第10回復刻）このランキングでは、スプレーを使用したプレイは無効です。
261009-064,とりぽっぽ,220,巨人のトイレ,890ポコ,1,score,このランキングでは、「かせいだ金額」が890ポコの状態で脱出したプレイ以外は無効です。
261009-065,albut3,220,巨人のトイレ,禁止特盛り,4,score,このランキングでは、クリアを必須とします。笛、交代、誘導解散、寝袋、スプレーを使わずにクリアした記録のみ有効です。
261009-066,こっぱちゃ,220,巨人のトイレ,スプレー換金,1,score,このランキングでは、脱出時に余っていたスプレー１個につき10点を加算します。
261009-067,とりぽっぽ,221,土とんの洞窟,1234ポコ,1,score,このランキングでは、「かせいだ金額」が1234ポコの状態で脱出したプレイ以外は無効です。
261009-068,albut3,221,土とんの洞窟,石化討伐,2,score,このランキングでは、死骸が1つでも発生した記録は無効です。オオガネモチをひっくり返すことは問題ありません
261009-069,albut3,222,地底警備室,残ピク1,3,score,このランキングでは、残りピクミン1匹で脱出した記録のみ有効です。
261009-070,とりぽっぽ,222,地底警備室,エキス還元祭,1,score,ゲキカラ・ニガともに初期数の2倍(各4個)以上残して脱出した記録のみ有効です。
261009-071,とりぽっぽ,222,地底警備室,残ピク減点,2,score,このランキングでは、リザルト画面のスコアではなく、リザルト画面に表示されている｛かせいだお金＋タイムボーナス－残りピクミン｝を計算した数値を登録スコアとしてください。
261009-072,とりぽっぽ,222,地底警備室,クマ4キル,3,score,このランキングでは、1回のプレイでクマチャッピーを4回倒して脱出したスコアのみ有効です。3回以下もしくは5回以上倒したプレイは無効です。
261009-073,albut3,222,地底警備室,逃走中,4,score,"このランキングでは、無犠牲＆宇宙服ノーダメージでのクリアを必須とします。置いてあるお宝（5,20,20,25）を全て回収するまでは、クマチャッピーとチビクマにダメージを与えることや石化させることを禁止します。4つのお宝が回収されて以降は、戦闘および石化を許可します。"
261009-074,albut3,222,地底警備室,花＆スプレー縛り,5,score,このランキングでは、かせいだ金額1378ポコでの脱出を必須とします。スプレーを使用せず、花ピクミン60匹で脱出した記録のみ有効です。
261009-075,こっぱちゃ,222,地底警備室,Bボタン縛り,3,score,このランキングでは、笛を吹いたプレイは無効です。
261009-076,"albut3, mercysnow",222,地底警備室,ガチンコ対戦,1,score,このランキングでは、移動を含めてプレイ中のすべての操作を禁止します。例外として、隊列に入ったピクミンを分離するために解散指令を行うことは認めます。このランキングではリタイアによるスコアも有効です。
261009-077,albut3,223,ひみつの花園,エキス持ち帰り,5,score,このランキングでは、ゲキニガ・ゲキカラスプレーを合計6本以上持った状態で脱出した記録のみ有効とします。
261009-078,こっぱちゃ,223,ひみつの花園,水路スタート,1,score,このランキングでは、拠点が水路側にあるプレイのみ有効です。
261009-079,罫線,223,ひみつの花園,26匹縛り,2,score,（第15回復刻）このランキングでは、一度もピクミンが27匹以上にならず、脱出時にちょうど26匹であるプレイのみ有効です。
261009-080,ごれい,224,さらいの洞窟,クリアリングヨシ！,1,score,敵をすべて倒しきるまで（最後の1匹をHP0にするまで）ポッドに運搬物を入れてはいけない
261009-081,noamoa,224,さらいの洞窟,爆殺,3,score,敵は爆弾でトドメを刺さなければならない
261009-082,albut3,224,さらいの洞窟,Bボタン縛り,3,score,このランキングでは、Bボタン（笛）を使わずにプレイした記録のみ有効です。
261009-083,こっぱちゃ,224,さらいの洞窟,夏祭り,2,score,このランキングでは、サクレウラメを倒したプレイは無効です。
261009-084,こっぱちゃ,224,さらいの洞窟,100秒縛り,2,score,（第８回復刻）このランキングでは、リザルト画面の残タイムが131以上であるスコアのみ有効です。
261009-085,エープリル,225,秘密兵器実験場,紫禁止,2,score,このランキングでは、ステージ開始後、ただちに紫ピクミンを10匹すべて投げ落としてください。投げ落とすまでは戦闘や運搬を行ってはいけません。
261009-086,こっぱちゃ,225,秘密兵器実験場,クレーンゲーム,4,score,このランキングでは、B2Fであのカギを一度奈落に落とし、フィールド内にリスポーンさせてから回収したプレイのみ有効です。
261009-087,こっぱちゃ,226,倍々ゲームの穴,300秒,2,score,このランキングでは、リザルト画面のタイムボーナスが281以上であるスコアのみ有効です。
261009-088,リーヌァ,227,天罰の穴,スプレー縛り,2,score,スプレー使用禁止(使った後の還元は認められない)
261009-089,こっぱちゃ,227,天罰の穴,目隠し,4,score,このランキングでは、画面を見ずにプレイしなければなりません。音声を聞くことに制限はありません。画面を他プレイヤーに見せることに制限はありませんが、助言を前提としたプレイは禁止します。画面を見えなくする方法については、画面が完全に見えなくなるのであればどのような方法でも構いません。
261009-090,zukki,227,天罰の穴,寝袋禁止,3,score,（第16回復刻）このランキングでは、たんけんねぶくろを使用したプレイは無効です。
261009-091,とりぽっぽ,228,どっすん迷路,4部屋限定,2,score,このランキングでは、土管通路が存在しない(キショイグモ2体が出現しない)地形でプレイした記録のみ有効です。
261009-092,エープリル,228,どっすん迷路,残ピク1,3,score,このランキングでは、脱出時ピクミンが１匹でなければなりません。２匹以上残っているプレイのスコアは無効です。なお壁抜けによるピクミン数の調整は無効とします。
261009-093,すぱ～く,228,どっすん迷路,2956ポコ,1,score,このランキングでは、脱出時の回収ポコ数が「2956ポコ(switch版は2960ポコ)」ちょうどであるプレイのスコアのみ投稿できます。
261009-094,すぱ～く,228,どっすん迷路,ローラー温存,2,score,このランキングでは、アメボウズのローラーを1つ以上破壊した後に「あのカギ」と「サイレンサー」以外のものを回収したプレイは無効となります。
261009-095,ピクミンヤクザ,228,どっすん迷路,２セット以上,4,score,（第15回復刻）このランキングでは、タマゴムシを20匹以上回収したプレイのみ有効です。
261009-096,運搬能チャージ,229,スナイパールーム,紫禁止,1,score,この縛りでは、開始後すぐに紫ピクミン20匹を邪魔にならない場所(場外など)に隔離しなければならず、その後紫ピクミンを戦闘・運搬・ギミック破壊などの役目で使用してはいけません。リタイア記録は無効とします。
261009-097,こっぱちゃ,229,スナイパールーム,１セット以上,2,score,このランキングでは、タマゴムシを10匹以上回収したプレイのみ有効です。
261009-098,noamoa,230,デメマダラの巣窟,スロースタート,1,score,B1で紫以外のピクミンを全滅させなければならない　また、紫が全滅するまでは敵・間欠炎への攻撃や運搬などをしてはいけない
261009-099,ごれい,230,デメマダラの巣窟,ぱっくん縛り,2,score,地下5階のダイオウデメマダラのトドメは爆弾捕食でなければならない（ピクミンでHP0にしてはいけない）
261009-100,albut3,230,デメマダラの巣窟,幼獣懐柔,5,score,このランキングでは、交代禁止でノーミスクリアを必須とします。さらに、クイーンチャッピーを10回以上壁に接触させる（5セット転がす）ことを必須とします。クイーンチャッピーを倒した地点でベビーチャッピーが5匹以上場に存在し、かつ地下4階の開始から突破までにベビーチャッピーが1匹も死ななかった記録のみ有効です。
261009-101,こっぱちゃ,230,デメマダラの巣窟,近視,1,score,このランキングでは、各フロアでカメラが近視でない時間が合計２秒以上あるプレイは無効です。（近視でない時間は穴に入るたびにリセットされるものとします。）
261009-102,こっぱちゃ,300,ピクミン3ミッションモード,ボスバトルRTA,3,time,このランキングでは、「巨大生物をたおせ！」の全ステージクリアまでのリアルタイムを競います。必ず左から順にプレイし、それぞれのステージで完全クリア（プラチナメダル獲得条件を満たすこと）をしなければ次に進めません。タイマースタートは最初のステージ開始の瞬間、タイマーストップは最後のステージをクリアしてステージセレクト画面に戻ってきた瞬間とします。
261009-103,とりそば,301,原生の杜,土壁開通禁止,4,score,ステージ内の「土」のカベを”開通”させずにプレイした記録で競う　完全に開通しないことが条件のため途中までの破壊はOK
261009-104,ゆきみだいふく,302,白銀の泉,リーダー交代禁止,2,score,リーダーを一度でも交代した場合無効とします。(呼んだり解散したり投げて引っこ抜かせるのはセーフとします)
261009-105,ゆきみだいふく,304,落葉の回廊,羽だけ縛り,1,score,一匹でも羽以外のピクミンが引っこ抜かれたら無効とします。
261009-106,ゆきみだいふく,306,続・原生の杜,白ゲキカラ橋禁止,2,score,白ピクミンが引っこ抜かれたら無効、ゲキカラエキスを回収したら無効、橋がかかったら無効とします。(橋の欠片を運ぶだけならセーフ)
261009-107,ゆきみだいふく,307,続・白銀の泉,岩黄だけ縛り,2,score,岩と黄以外のピクミンで何らかの作業(戦闘、運搬、開拓等)をした場合無効とします。
261009-108,ゆきみだいふく,308,続・渇きの砂,ポンガシ草全消費,3,score,全てのポンガシグサが枯れるまでに紫が何らかの作業(運搬、採掘、ゲキカラの実集め)をすると無効です。(蜜を倒して吸うのはセーフとします)　ポンガシグサに紫以外のピクミンが入ると無効です。
261009-109,ゆきみだいふく,309,続・落葉の回廊,ファーム禁止,2,score,"オニヨンから出てきたピクミンが引っこ抜かれたら無効です"
261009-110,ゆきみだいふく,311,冬の贈りもの,開拓禁止,2,score,土壁、電気壁、水晶の破壊、もしくは柵を持ち上げるのいずれかを行った場合無効です。
261009-111,ゆきみだいふく,312,工事現場ドリーム,黄色のみ,3,score,岩ピクミンが何らかの作業(戦闘、水晶破壊、縦穴採掘、運搬)をすると無効です　縦穴から4個目の爆弾岩が出てきたら無効です
261009-112,ゆきみだいふく,316,原生の杜,ゲキカラ爆弾ファーム禁止,4,score,ゲキカラエキスを回収したら無効　爆弾で原生生物にダメージを与えたら無効　爆弾を拾うと無効　オニヨンからピクミンがうまれると無効です
261009-113,ゆきみだいふく,318,渇きの砂,青５匹縛り,2,score,青以外のピクミンが隊列に加わると無効　オニヨンからピクミンがうまれると無効
261009-114,ゆきみだいふく,321,続・始まりの森,羽４匹縛り,5,score,赤、青で何らかの作業(戦闘、爆弾を持つ、縦穴採掘、シーソーの上に乗せる、ゲキカラの実の運搬等)をした場合無効　オニヨンがピクミンを産んだら無効　一つの縦穴から4個目の爆弾が出てきたら無効
261009-115,ゆきみだいふく,322,続・再開の花園,岩10匹縛り,2,score,羽ピクミンが隊列に加わると無効です　オニヨンからピクミンがうまれると無効です　橋の欠片は運ばなくてもクリアできます
261009-116,ゆきみだいふく,322,続・再開の花園,カラ10個,4,score,頭が花じゃないピクミンが引っこ抜かれると無効です　終了時にゲキカラスプレーの所持数が9以下だと無効です
261009-117,エープリル,324,続・交わりの渓流,羽禁止,2,score,このランキングでは、羽ピクミンを1匹以上隊列に加えたプレイは無効です。
261009-118,ゆきみだいふく,326,冬の贈りもの,羽10＆ゲキカラ禁止,4,score,羽ピクミン以外を引っこ抜いたら無効　頭が花じゃないピクミンを引っこ抜いたら無効　ゲキカラスプレーを使用したら無効
261009-119,エープリル,330,機械仕掛けのブルース,羽縛り,1,score,"このランキングでは、ステージ開始後ただちに拠点付近の青ピクミンのうち5匹を羽ピクミンにしてください。それ以外のピクミンは隊列に加わったらただちに投げ落としてください。以上行為を完了するまでは新たに戦闘や運搬を始めてはいけません。"
261009-120,エープリル,350,アメニュウドウ,1犠牲10秒ロス,1,time,このランキングでは、やられたピクミン1匹につき10秒をクリアタイムに加算してください。
261009-121,albut3,401,ダンドリ養成所,笛縛り,2,score,このランキングでは、通常の笛、トツゲキ笛、ヒマジン笛、セイレツ笛、ホームシック笛を一度も使用せずにクリアした記録のみ有効です。ソウビ制限はありません。
261009-122,しののめ,401,ダンドリ養成所,Aボタン縛り,1,score,このランキングでは、Aボタン（に相当する操作）を行ったプレイは無効です。
261009-123,とりぽっぽ,401,ダンドリ養成所,ピクミン禁止,2,score,このランキングでは、ピクミンを一切使ってはいけません。一度でもピクミンが敵などを叩いたり、運搬物に取り付いたりした記録はすべて無効です。　※隊列にピクミンが入ってしまった場合は、一切の作業ができない場所にピクミンを投げるなどして分離すればよいものとします。
261009-124,muratsubo,401,ダンドリ養成所,近道禁止,1,score,このランキングでは、地形ギミック（土のカベ、植木ばちの植物、ツボ、のぼりヒモ）の開通作業を行ってはいけません。
261009-125,マイコー,401,ダンドリ養成所,オッチンといっしょ,1,score,プレイ開始時にオッチンにプレイヤーが乗りそれ以降は常にオッチンに乗った状態で操作する。途中でオッチンからプレイヤーが降りたりプレイ開始時にオッチンに乗るまでオッチンに乗る以外の操作は禁止。装備の制限は無し
261009-126,運搬能チャージ,401,ダンドリ養成所,目隠し,1,score,この縛りでは、ゲーム画面を見てはいけません。ゲーム音は聞いても構いません。オッチンスキルやソウビの制限はありません。
261009-127,黒木葉,401,ダンドリ養成所,ぐるぐるトッシン検定,2,time,1回のトッシンが継続した時間を計測します。Xボタンを離してトッシンを開始してから、トッシン状態が解除されるかタイムアップするまでを計測対象とします。
261009-128,とりぽっぽ,402,炎と電気の実験室,炎か電気の実験室,1,score,このステージでは、使用できるピクミンは赤ピクミンまたは黄ピクミンのいずれか1色のみです。2色のピクミンを使用したプレイはすべて無効です。(意図しない色が混ざった場合、作業できない場所に投げるなどして分離すればよいものとします。)
261009-129,黒木葉,404,バスルーム演習場,狂犬病縛り,2,score,開始直後にキリカエ2回でオッチンを隊列から外し、以降は以下の行動をを禁じます。　①オッチンを隊列に加える　②オッチンに操作を切り替える　③オッチンにオネガイをする　④リーダーが水中や氷上に侵入する
261009-130,ごれい,405,水わたりスクール,冷凍禁止,1,score,氷ピクミンを隊列に入れるまで移動、氷ピクミンを呼ぶ以外禁止。以降水場を凍らせてはいけない
261009-131,muratsubo,406,超重配送センター,拠点移動禁止,1,score,このランキングでは、「拠点をうつす」コマンドを実行した記録は無効となります。ソウビの使用に制限はありません。
261009-132,とりぽっぽ,407,天空の焼却炉,赤ピクミン禁止,4,score,このステージでは、赤ピクミンを使用したプレイは無効です。ただし、赤ピクミンをポンガシグサに投げ入れて羽ピクミンを作る行為は許可されます。タイムアップした記録は無効です。
261009-133,とりぽっぽ,408,分業用冷蔵庫,橋なし,1,score,このランキングでは、ケンチクせずにプレイした記録のみ有効です。
261009-134,むとう,408,分業用冷蔵庫,ネガポジ,1,score,このランキングでは色を反転させてプレイしてください。（変更方法：設定>アクセシビリティ>画面の色合いを変える>色を反転）
261009-135,あとまい,409,テキパキ水族館,ダンドリ検定,1,score,このランキングでは、第１回ダンドリ検定のルールに準拠してプレイしてください。
261009-136,muratsubo,409,テキパキ水族館,青禁止,1,score,このランキングでは、青ピクミンで一切の作業をしてはいけません（ここでいう作業は、戦闘・運搬・鉄箱を押す・埋まりオタカラを掘る・タマゴを割る行為を指します）。ソウビの使用に制限はありません。
261009-137,運搬能チャージ,409,テキパキ水族館,20匹縛り,1,score,このランキングでは、画面右下の地上ピクミン数の表示が一瞬でも21以上になった記録は無効です。オッチンスキルやソウビの制限はありません。
261009-138,エープリル,410,ひらけゴマ道場,オッチンといっしょ,1,score,このランキングでは、操作開始から終了までオッチンに乗ったままプレイしなければなりません。計1秒以上プレイヤーがオッチンに乗っていない状態になっているプレイは無効です。
261009-139,エープリル,412,切磋琢磨のオアシス,笛ソウビ禁止,1,score,このランキングでは、トツゲキ笛、ワイド笛、セイレツ笛、ヒッコヌキ笛のいずれか1つ以上をソウビしたプレイは無効です。また、ヒマジン笛及びホームシック笛を1回以上使用したプレイは無効です。
261009-140,こっぱちゃ,413,こてしらべの戦い,100匹,2,score,このランキングでは、試合終了時点でプレイヤーとCPUそれぞれのピクミン数が50匹になっているプレイのみ有効です。スコアは通常通りプレイヤーのスコアからCPUのスコアを差し引いたスコアを最終スコアとします。
261009-141,こっぱちゃ,413,こてしらべの戦い,トリガーバトル,2,score,このランキングでは、左右3DスティックとZL、ZRボタン以外のボタンを使用したプレイは無効です。キーコンフィグは自由に変更できます。
261009-142,albut3,414,戦場のおもちゃ箱,30匹制限,2,score,このランキングでは、ソウビをすべて外してください。バトル中は常に自軍のピクミン総数を30以下にしてください。途中で一度でも自軍のピクミン総数が31以上になった記録は無効です。敵軍のピクミンの数は問いません。
261009-143,こっぱちゃ,414,戦場のおもちゃ箱,協力戦,1,score,このランキングでは、プレイヤーとCPUのスコアの合計値を最終スコアとして提出してください。
261009-144,リーヌァ,415,風雲ダンドリ城,ピクミン増やすの禁止,1,score,このランキングでは、ピクミンを増やさずプレイしてください。
261009-145,こっぱちゃ,415,風雲ダンドリ城,ロシアンルーレット,3,score,このランキングでは、プレイヤーかCPUのアイテムスロットでゲキカラスプレーが出たプレイは無効です。
261009-146,運搬能チャージ,416,決戦のオアシス,オリマー10キル,1,score,このランキングでは、1回のプレイ中にオリマーを10回以上ダウンさせなければいけません。ストーリーモードのダンドリバトルでプレイしてください。オッチンスキルやソウビの制限はありません。
261009-147,こっぱちゃ,416,決戦のオアシス,GG禁止,1,score,このランキングでは、オリマーを行動不能にしたプレイは無効です。
261009-148,こっぱちゃ,416,決戦のオアシス,白ピクミン,1,score,このランキングでは、ストーリーモードでない方のダンドリバトルで白ピクミンを選び、逆転バクダン以外をONにしてプレイしてください。ハンデ設定はつけず、通常通りプレイヤースコアからCPUスコアを引いたスコアを最終スコアとします。
261009-149,こっぱちゃ,417,熱砂の決闘場,ルーイアシスト,1,score,このランキングでは、ルーイのダンドリポイントをあなたのスコアとして提出してください。プレイヤーのスコアを引く必要はありません。
261009-150,こっぱちゃ,417,熱砂の決闘場,フルオープン,1,score,このランキングでは、試合終了までにすべての藁を燃やしたプレイのみ有効です。
261009-151,とりぽっぽ,418,最果ての闘技場,プレミア禁止,1,score,このランキングでは、プレミア品を回収したプレイはすべて無効です。
261009-152,こっぱちゃ,418,最果ての闘技場,きょうぼう,2,score,このランキングでは、難易度を「きょうぼう」にしてプレイしてください。敗北した場合は提出できません。
261009-153,とりぽっぽ,419,初ダン 出目斑の根城,赤ピクミンのみ,1,time,このランキングでは、赤ピクミン以外が原生生物にダメージを与えた記録はすべて無効です。ステージ内で手に入るアイテムも使用禁止です。
261009-154,むとう,421,参ダン 徒夢の採掘場,ヒッコヌキ笛禁止,1,time,このランキングでは、ヒッコヌキ笛を使用して埋まっているピクミンを引き抜いたプレイのスコアは無効です。プレイヤー装備を外してプレイを推奨します。
261009-155,とりぽっぽ,423,伍ダン 白の免許皆傳,番号順,1,time,このランキングでは、9つのビリヤードの玉を1番から順番に回収した記録のみ有効です。運搬を開始する順番は順不同でも構いません。
261009-156,あとまい,425,漆ダン 一網打尽の庭,オッチンのみ縛り,1,time,このランキングでは、ピクミンに一切戦わせず、プレイヤーも原生生物に関与していないプレイのみ有効です。
261009-157,こっぱちゃ,425,漆ダン 一網打尽の庭,ボーリング,1,score,このランキングでは、オッチンのトッシン以外で原生生物を倒したプレイは無効です。オッチンで２回トッシンし、それによって倒した原生生物の数をスコアとして提出してください。
261009-158,とりぽっぽ,427,玖ダン 淘汰の縄張り,きょうぼう,2,time,このランキングでは、難易度「きょうぼう」でのプレイのみ有効です。
261009-159,運搬能チャージ,428,終ダン 紫の免許皆傳,オッチン禁止,1,time,この縛りでは、オッチンを初期位置から動かしてはいけません。ソウビの制限はありません。
261009-160,黒木葉,428,終ダン 紫の免許皆傳,完全クリア,2,time,以下の条件全てを満たした上で、ステージをクリアしてください　①アメボウズを含む全ての原生生物の討伐　②破壊可能な全てのオブジェクトの破壊　③回収可能な全ての運搬物の回収
