id,event_id,event_title,sub_title,category,user_id,team,score,rps,rps_adjust,result
1,190209,第１回全ステージ一本勝負,,全ステージ一本勝負,albut3,0,698822,0,0,w
2,190209,第１回全ステージ一本勝負,,全ステージ一本勝負,sectionmarilui,0,697760,0,0,p
3,190209,第１回全ステージ一本勝負,,全ステージ一本勝負,spark573,0,697677,0,0,p
4,190209,第１回全ステージ一本勝負,,全ステージ一本勝負,Selenium_pikmin,0,689980,0,0,p
5,190321,第２回全ステージ一本勝負,,全ステージ一本勝負,albut3,0,698639,0,0,w
6,190321,第２回全ステージ一本勝負,,全ステージ一本勝負,sectionmarilui,0,697568,0,0,p
7,210829,タマゴムシ取り大会2021,,タマゴムシ取り大会,spark573,0,73,0,0,w
8,210829,タマゴムシ取り大会2021,,タマゴムシ取り大会,noamoa,0,68,0,0,p
9,210829,タマゴムシ取り大会2021,,タマゴムシ取り大会,Z_pikmin,0,66,0,0,p
10,210829,タマゴムシ取り大会2021,,タマゴムシ取り大会,mikou_musicgame,0,65,0,0,p
11,210829,タマゴムシ取り大会2021,,タマゴムシ取り大会,shiocha78,0,60,0,0,p
12,210829,タマゴムシ取り大会2021,,タマゴムシ取り大会,sectionmarilui,0,58,0,0,p
13,210829,タマゴムシ取り大会2021,,タマゴムシ取り大会,Gorei_50,0,54,0,0,p
14,210829,タマゴムシ取り大会2021,,タマゴムシ取り大会,mercysnow,0,46,0,0,p
15,210829,タマゴムシ取り大会2021,,タマゴムシ取り大会,yuyuyunkel,0,43,0,0,p
16,210829,タマゴムシ取り大会2021,,タマゴムシ取り大会,Selenium_pikmin,0,39,0,0,p
17,210829,タマゴムシ取り大会2021,,タマゴムシ取り大会,toripoppo0307,0,23,0,0,p
18,210829,タマゴムシ取り大会2021,,タマゴムシ取り大会,enagem_akakuy,0,17,0,0,p
19,210829,タマゴムシ取り大会2021,,タマゴムシ取り大会,April_lapispik,0,16,0,0,p
20,210829,タマゴムシ取り大会2021,,タマゴムシ取り大会,yukidaruma,0,11,0,0,p
21,231203,オリマー遭難記RTA並走会,,RTA並走会,albut3,0,2621,0,0,e
22,231203,オリマー遭難記RTA並走会,,RTA並走会,Argent2home,0,4001,0,0,e
23,231203,オリマー遭難記RTA並走会,,RTA並走会,Terathia,0,4579,0,0,e
24,231203,オリマー遭難記RTA並走会,,RTA並走会,April_lapispik,0,6318,0,0,e
25,231203,オリマー遭難記RTA並走会,,RTA並走会,toripoppo0307,0,6706,0,0,e
26,240601,オリマー救出RTA並走会,,RTA並走会,albut3,0,4944,0,0,e
27,240601,オリマー救出RTA並走会,,RTA並走会,koppacha,0,7908,0,0,e
28,240601,オリマー救出RTA並走会,,RTA並走会,toripoppo0307,0,5398,0,0,e
29,240601,オリマー救出RTA並走会,,RTA並走会,kobachi_no_udon,0,6793,0,0,e
30,240608,オッチン治療RTA並走会,,RTA並走会,albut3,0,14828,0,0,e
31,240608,オッチン治療RTA並走会,,RTA並走会,kobachi_no_udon,0,16633,0,0,e
32,240608,オッチン治療RTA並走会,,RTA並走会,toripoppo0307,0,18033,0,0,e
33,240608,オッチン治療RTA並走会,,RTA並走会,April_lapispik,0,22643,0,0,e
34,240608,オッチン治療RTA並走会,,RTA並走会,koppacha,0,23793,0,0,e
35,240622,第２回オリマー救出RTA並走会,,RTA並走会,kobachi_no_udon,0,9585,0,0,e
36,240622,第２回オリマー救出RTA並走会,,RTA並走会,toripoppo0307,0,12480,0,0,e
37,240622,第２回オリマー救出RTA並走会,,RTA並走会,koppacha,0,13484,0,0,e
38,240622,第２回オリマー救出RTA並走会,,RTA並走会,April_lapispik,0,14192,0,0,e
39,240728,第３回ダンドリバトル大会,,ダンドリバトル大会,koppacha,0,5,0,0,p
40,240728,第３回ダンドリバトル大会,,ダンドリバトル大会,kobachi_no_udon,0,2,0,0,p
41,240728,第３回ダンドリバトル大会,,ダンドリバトル大会,mercysnow,0,9,0,0,w
42,240728,第３回ダンドリバトル大会,,ダンドリバトル大会,Argent2home,0,3,0,0,p
43,240728,第３回ダンドリバトル大会,,ダンドリバトル大会,April_lapispik,0,0,0,0,p
44,240728,第３回ダンドリバトル大会,,ダンドリバトル大会,albut3,0,6,0,0,p
45,240803,第４回ダンドリバトル大会,,ダンドリバトル大会,koppacha,0,1,0,0,p
46,240803,第４回ダンドリバトル大会,,ダンドリバトル大会,kobachi_no_udon,0,9,0,0,p
47,240803,第４回ダンドリバトル大会,,ダンドリバトル大会,mercysnow,0,12,0,0,w
48,240803,第４回ダンドリバトル大会,,ダンドリバトル大会,April_lapispik,0,0,0,0,p
49,240803,第４回ダンドリバトル大会,,ダンドリバトル大会,toripoppo0307,0,0,0,0,p
50,240803,第４回ダンドリバトル大会,,ダンドリバトル大会,atmy_17,0,2,0,0,p
51,240810,第５回ダンドリバトル大会,,ダンドリバトル大会,koppacha,0,8,0,0,p
52,240810,第５回ダンドリバトル大会,,ダンドリバトル大会,mercysnow,0,12,0,0,w
53,240810,第５回ダンドリバトル大会,,ダンドリバトル大会,albut3,0,0,0,0,p
54,240810,第５回ダンドリバトル大会,,ダンドリバトル大会,muratsubo,0,4,0,0,p
55,240824,第６回ダンドリバトル大会,,ダンドリバトル大会,koppacha,0,4,0,0,p
56,240824,第６回ダンドリバトル大会,,ダンドリバトル大会,kobachi_no_udon,0,8,0,0,w
57,240824,第６回ダンドリバトル大会,,ダンドリバトル大会,mercysnow,0,7,0,0,p
58,240824,第６回ダンドリバトル大会,,ダンドリバトル大会,albut3,0,4,0,0,p
59,240824,第６回ダンドリバトル大会,,ダンドリバトル大会,toripoppo0307,0,0,0,0,p
60,240824,第６回ダンドリバトル大会,,ダンドリバトル大会,atmy_17,0,1,0,0,p
61,240907,第７回ダンドリバトル大会,,ダンドリバトル大会,koppacha,0,6,0,0,p
62,240907,第７回ダンドリバトル大会,,ダンドリバトル大会,April_lapispik,0,2,0,0,p
63,240907,第７回ダンドリバトル大会,,ダンドリバトル大会,albut3,0,14,0,0,w
64,240907,第７回ダンドリバトル大会,,ダンドリバトル大会,atmy_17,0,2,0,0,p
65,241005,第８回ダンドリバトル大会,,ダンドリバトル大会,koppacha,0,3,0,0,p
66,241005,第８回ダンドリバトル大会,,ダンドリバトル大会,kobachi_no_udon,0,9,0,0,p
67,241005,第８回ダンドリバトル大会,,ダンドリバトル大会,April_lapispik,0,0,0,0,p
68,241005,第８回ダンドリバトル大会,,ダンドリバトル大会,albut3,0,12,0,0,w
69,241019,第９回ダンドリバトル大会,,ダンドリバトル大会,koppacha,0,2,0,0,p
70,241019,第９回ダンドリバトル大会,,ダンドリバトル大会,kobachi_no_udon,0,11,0,0,w
71,241019,第９回ダンドリバトル大会,,ダンドリバトル大会,mercysnow,0,3,0,0,p
72,241019,第９回ダンドリバトル大会,,ダンドリバトル大会,April_lapispik,0,2,0,0,p
73,241019,第９回ダンドリバトル大会,,ダンドリバトル大会,albut3,0,7,0,0,p
74,241019,第９回ダンドリバトル大会,,ダンドリバトル大会,toripoppo0307,0,0,0,0,p
75,241026,第10回ダンドリバトル大会,,ダンドリバトル大会,koppacha,0,3,0,0,p
76,241026,第10回ダンドリバトル大会,,ダンドリバトル大会,kobachi_no_udon,0,13,0,0,w
77,241026,第10回ダンドリバトル大会,,ダンドリバトル大会,mercysnow,0,3,0,0,p
78,241026,第10回ダンドリバトル大会,,ダンドリバトル大会,April_lapispik,0,1,0,0,p
79,241026,第10回ダンドリバトル大会,,ダンドリバトル大会,albut3,0,2,0,0,p
80,241026,第10回ダンドリバトル大会,,ダンドリバトル大会,toripoppo0307,0,2,0,0,p
81,241221,第１回チャレンジリレー,チャレンジ35万RTA編,チャレンジリレー,kobachi_no_udon,21,0,0,0,w
82,241221,第１回チャレンジリレー,チャレンジ35万RTA編,チャレンジリレー,Argent2home,21,0,0,0,w
83,241221,第１回チャレンジリレー,チャレンジ35万RTA編,チャレンジリレー,April_lapispik,21,0,0,0,w
84,241221,第１回チャレンジリレー,チャレンジ35万RTA編,チャレンジリレー,mercysnow,22,0,0,0,p
85,241221,第１回チャレンジリレー,チャレンジ35万RTA編,チャレンジリレー,Gorei_50,22,0,0,0,p
86,241221,第１回チャレンジリレー,チャレンジ35万RTA編,チャレンジリレー,nitrosmish,22,0,0,0,p
87,250111,第２回チャレンジリレー,CMAT編,チャレンジリレー,April_lapispik,23,0,0,0,p
88,250111,第２回チャレンジリレー,CMAT編,チャレンジリレー,albut3,23,0,0,0,p
89,250111,第２回チャレンジリレー,CMAT編,チャレンジリレー,spark573,23,0,0,0,p
90,250111,第２回チャレンジリレー,CMAT編,チャレンジリレー,Argent2home,24,0,0,0,w
91,250111,第２回チャレンジリレー,CMAT編,チャレンジリレー,mercysnow,24,0,0,0,w
92,250111,第２回チャレンジリレー,CMAT編,チャレンジリレー,kobachi_no_udon,24,0,0,0,w
93,250118,第11回ダンドリバトル大会,,ダンドリバトル大会,koppacha,0,3,0,0,p
94,250118,第11回ダンドリバトル大会,,ダンドリバトル大会,mercysnow,0,5,0,0,p
95,250118,第11回ダンドリバトル大会,,ダンドリバトル大会,April_lapispik,0,2,0,0,p
96,250118,第11回ダンドリバトル大会,,ダンドリバトル大会,albut3,0,9,0,0,w
97,250118,第11回ダンドリバトル大会,,ダンドリバトル大会,toripoppo0307,0,1,0,0,p
98,250118,第11回ダンドリバトル大会,,ダンドリバトル大会,kobachi_no_udon,0,4,0,0,p
99,250215,第12回ダンドリバトル大会,,ダンドリバトル大会,koppacha,0,3,0,0,p
100,250215,第12回ダンドリバトル大会,,ダンドリバトル大会,mercysnow,0,6,0,0,p
101,250215,第12回ダンドリバトル大会,,ダンドリバトル大会,April_lapispik,0,1,0,0,p
102,250215,第12回ダンドリバトル大会,,ダンドリバトル大会,albut3,0,10,0,0,w
103,250215,第12回ダンドリバトル大会,,ダンドリバトル大会,toripoppo0307,0,1,0,0,p
104,250215,第12回ダンドリバトル大会,,ダンドリバトル大会,kobachi_no_udon,0,3,0,0,p
105,250222,第13回ダンドリバトル大会,,ダンドリバトル大会,koppacha,0,3,0,0,p
106,250222,第13回ダンドリバトル大会,,ダンドリバトル大会,kobachi_no_udon,0,5,0,0,p
107,250222,第13回ダンドリバトル大会,,ダンドリバトル大会,mercysnow,0,6,0,0,p
108,250222,第13回ダンドリバトル大会,,ダンドリバトル大会,April_lapispik,0,1,0,0,p
109,250222,第13回ダンドリバトル大会,,ダンドリバトル大会,albut3,0,10,0,0,w
110,250222,第13回ダンドリバトル大会,,ダンドリバトル大会,nitrosmish,0,0,0,0,p
111,250301,第14回ダンドリバトル大会,,ダンドリバトル大会,koppacha,0,2,0,0,p
112,250301,第14回ダンドリバトル大会,,ダンドリバトル大会,mercysnow,0,10,0,0,w
113,250301,第14回ダンドリバトル大会,,ダンドリバトル大会,April_lapispik,0,1,0,0,p
114,250301,第14回ダンドリバトル大会,,ダンドリバトル大会,albut3,0,5,0,0,p
115,250301,第14回ダンドリバトル大会,,ダンドリバトル大会,toripoppo0307,0,0,0,0,p
116,250301,第14回ダンドリバトル大会,,ダンドリバトル大会,kobachi_no_udon,0,6,0,0,p
117,250315,第15回ダンドリバトル大会,,ダンドリバトル大会,koppacha,0,3,0,0,p
118,250315,第15回ダンドリバトル大会,,ダンドリバトル大会,April_lapispik,0,1,0,0,p
119,250315,第15回ダンドリバトル大会,,ダンドリバトル大会,albut3,0,12,0,0,w
120,250315,第15回ダンドリバトル大会,,ダンドリバトル大会,toripoppo0307,0,0,0,0,p
121,250315,第15回ダンドリバトル大会,,ダンドリバトル大会,nitrosmish,0,0,0,0,p
122,250315,第15回ダンドリバトル大会,,ダンドリバトル大会,kobachi_no_udon,0,8,0,0,p
123,250322,第16回ダンドリバトル大会,,ダンドリバトル大会,koppacha,0,4,0,0,p
124,250322,第16回ダンドリバトル大会,,ダンドリバトル大会,April_lapispik,0,4,0,0,p
125,250322,第16回ダンドリバトル大会,,ダンドリバトル大会,albut3,0,8,0,0,w
126,250322,第16回ダンドリバトル大会,,ダンドリバトル大会,toripoppo0307,0,0,0,0,p
127,250322,第16回ダンドリバトル大会,,ダンドリバトル大会,kobachi_no_udon,0,7,0,0,p
128,250628,第３回チャレンジリレー,期間限定チャレンジ編,チャレンジリレー,April_lapispik,25,0,0,0,p
129,250628,第３回チャレンジリレー,期間限定チャレンジ編,チャレンジリレー,Gorei_50,25,0,0,0,p
130,250628,第３回チャレンジリレー,期間限定チャレンジ編,チャレンジリレー,mercysnow,25,0,0,0,p
131,250628,第３回チャレンジリレー,期間限定チャレンジ編,チャレンジリレー,Argent2home,26,0,0,0,w
132,250628,第３回チャレンジリレー,期間限定チャレンジ編,チャレンジリレー,albut3,26,0,0,0,w
133,250628,第３回チャレンジリレー,期間限定チャレンジ編,チャレンジリレー,spark573,26,0,0,0,w
134,250726,タマゴムシ取り大会2025,,タマゴムシ取り大会,Bl6AltMzq5Jx4aM,0,101,0,0,w
135,250726,タマゴムシ取り大会2025,,タマゴムシ取り大会,kobachi_no_udon,0,95,0,0,p
136,250726,タマゴムシ取り大会2025,,タマゴムシ取り大会,Gorei_50,0,83,0,0,p
137,250726,タマゴムシ取り大会2025,,タマゴムシ取り大会,Argent2home,0,79,0,0,p
138,250726,タマゴムシ取り大会2025,,タマゴムシ取り大会,spark573,0,65,0,0,p
139,250726,タマゴムシ取り大会2025,,タマゴムシ取り大会,toripoppo0307,0,64,0,0,p
140,250726,タマゴムシ取り大会2025,,タマゴムシ取り大会,albut3,0,62,0,0,p
141,250726,タマゴムシ取り大会2025,,タマゴムシ取り大会,April_lapispik,0,57,0,0,p
142,250726,タマゴムシ取り大会2025,,タマゴムシ取り大会,koppacha,0,54,0,0,p
143,250726,タマゴムシ取り大会2025,,タマゴムシ取り大会,mercysnow,0,40,0,0,p
144,250830,Switch借金返済RTA並走会,,RTA並走会,spark573,0,7551,0,0,e
145,250830,Switch借金返済RTA並走会,,RTA並走会,April_lapispik,0,10527,0,0,e
146,250830,Switch借金返済RTA並走会,,RTA並走会,Argent2home,0,8145,0,0,e
147,250830,Switch借金返済RTA並走会,,RTA並走会,kobachi_no_udon,0,7251,0,0,e
148,250906,夜の探検初日王決定戦,,その他,Bl6AltMzq5Jx4aM,0,0,0,0,w
149,250906,夜の探検初日王決定戦,,その他,toripoppo0307,0,0,0,0,p
150,250906,夜の探検初日王決定戦,,その他,April_lapispik,0,0,0,0,p
151,250906,夜の探検初日王決定戦,,その他,koppacha,0,0,0,0,p
152,250906,夜の探検初日王決定戦,,その他,nitrosmish,0,0,0,0,p
153,250906,夜の探検初日王決定戦,,その他,kobachi_no_udon,0,0,0,0,p
154,251004,第17回ダンドリバトル大会,,ダンドリバトル大会,koppacha,0,2,0,0,p
155,251004,第17回ダンドリバトル大会,,ダンドリバトル大会,kobachi_no_udon,0,8,0,0,p
156,251004,第17回ダンドリバトル大会,,ダンドリバトル大会,mercysnow,0,4,0,0,p
157,251004,第17回ダンドリバトル大会,,ダンドリバトル大会,April_lapispik,0,1,0,0,p
158,251004,第17回ダンドリバトル大会,,ダンドリバトル大会,albut3,0,9,0,0,w
159,251004,第17回ダンドリバトル大会,,ダンドリバトル大会,nitrosmish,0,0,0,0,p
160,251018,チャレンジ70万RTA並走会,,RTA並走会,albut3,0,9610,0,0,e
161,251018,チャレンジ70万RTA並走会,,RTA並走会,Gorei_50,0,0,0,0,e
162,251018,チャレンジ70万RTA並走会,,RTA並走会,spark573,0,8422,0,0,e
163,251018,チャレンジ70万RTA並走会,,RTA並走会,kobachi_no_udon,0,12225,0,0,e
164,251018,チャレンジ70万RTA並走会,,RTA並走会,Argent2home,0,0,0,0,e
165,251025,第18回ダンドリバトル大会,,ダンドリバトル大会,koppacha,0,0,0,0,p
166,251025,第18回ダンドリバトル大会,,ダンドリバトル大会,kobachi_no_udon,0,10,0,0,w
167,251025,第18回ダンドリバトル大会,,ダンドリバトル大会,mercysnow,0,8,0,0,p
168,251025,第18回ダンドリバトル大会,,ダンドリバトル大会,April_lapispik,0,2,0,0,p
169,251025,第18回ダンドリバトル大会,,ダンドリバトル大会,albut3,0,3,0,0,p
170,251213,第４回チャレンジリレー,スウェーデンリレー編,チャレンジリレー,albut3,27,0,0,0,w
171,251213,第４回チャレンジリレー,スウェーデンリレー編,チャレンジリレー,Argent2home,27,0,0,0,w
172,251213,第４回チャレンジリレー,スウェーデンリレー編,チャレンジリレー,KSK_yukaripik,27,0,0,0,w
173,251213,第４回チャレンジリレー,スウェーデンリレー編,チャレンジリレー,mercysnow,27,0,0,0,w
174,251213,第４回チャレンジリレー,スウェーデンリレー編,チャレンジリレー,TEL,27,0,0,0,w
175,251213,第４回チャレンジリレー,スウェーデンリレー編,チャレンジリレー,spark573,28,0,0,0,p
176,251213,第４回チャレンジリレー,スウェーデンリレー編,チャレンジリレー,Gorei_50,28,0,0,0,p
177,251213,第４回チャレンジリレー,スウェーデンリレー編,チャレンジリレー,iid01,28,0,0,0,p
178,251213,第４回チャレンジリレー,スウェーデンリレー編,チャレンジリレー,April_lapispik,28,0,0,0,p
179,251213,第４回チャレンジリレー,スウェーデンリレー編,チャレンジリレー,kobachi_no_udon,28,0,0,0,p
180,260110,第１回インスタント研究会,水わたりスクール編,インスタント研究会,April_lapispik,0,401,0,0,p
181,260110,第１回インスタント研究会,水わたりスクール編,インスタント研究会,Gorei_50,0,400,0,0,w
182,260110,第１回インスタント研究会,水わたりスクール編,インスタント研究会,spark573,0,390,0,0,w
183,260110,第１回インスタント研究会,水わたりスクール編,インスタント研究会,pikitto,0,395,0,0,w
184,260110,第１回インスタント研究会,水わたりスクール編,インスタント研究会,nitrosmish,0,350,0,0,w
185,260110,第１回インスタント研究会,水わたりスクール編,インスタント研究会,Argent2home,0,360,0,0,w
186,260110,第１回インスタント研究会,水わたりスクール編,インスタント研究会,mercysnow,0,418,0,0,p
187,260110,第１回インスタント研究会,水わたりスクール編,インスタント研究会,toripoppo0307,0,408,0,0,p
188,260110,第１回インスタント研究会,水わたりスクール編,インスタント研究会,Bl6AltMzq5Jx4aM,0,419,0,0,w
189,260110,第１回インスタント研究会,水わたりスクール編,インスタント研究会,koppacha,0,360,0,0,w
190,260124,第19回ダンドリバトル大会,,ダンドリバトル大会,koppacha,0,0,0,0,p
191,260124,第19回ダンドリバトル大会,,ダンドリバトル大会,mercysnow,0,5,0,0,p
192,260124,第19回ダンドリバトル大会,,ダンドリバトル大会,nitrosmish,0,0,0,0,p
193,260124,第19回ダンドリバトル大会,,ダンドリバトル大会,Bl6AltMzq5Jx4aM,0,16,0,0,w
194,260124,第19回ダンドリバトル大会,,ダンドリバトル大会,albut3,0,3,0,0,p
195,260207,第２回インスタント研究会,超重配送センター編,インスタント研究会,mercysnow,0,632,0,0,p
196,260207,第２回インスタント研究会,超重配送センター編,インスタント研究会,albut3,0,625,0,0,w
197,260207,第２回インスタント研究会,超重配送センター編,インスタント研究会,pikitto,0,615,0,0,w
198,260207,第２回インスタント研究会,超重配送センター編,インスタント研究会,spark573,0,618,0,0,w
199,260207,第２回インスタント研究会,超重配送センター編,インスタント研究会,April_lapispik,0,580,0,0,w
200,260207,第２回インスタント研究会,超重配送センター編,インスタント研究会,koppacha,0,590,0,0,p
201,260207,第２回インスタント研究会,超重配送センター編,インスタント研究会,nitrosmish,0,500,0,0,w
202,260221,第３回インスタント研究会,スナイパールーム編,インスタント研究会,Gorei_50,0,153,0,0,w
203,260221,第３回インスタント研究会,スナイパールーム編,インスタント研究会,Bl6AltMzq5Jx4aM,0,162,0,0,w
204,260221,第３回インスタント研究会,スナイパールーム編,インスタント研究会,mercysnow,0,150,0,0,w
205,260221,第３回インスタント研究会,スナイパールーム編,インスタント研究会,kobachi_no_udon,0,165,0,0,p
206,260221,第３回インスタント研究会,スナイパールーム編,インスタント研究会,albut3,0,160,0,0,w
207,260221,第３回インスタント研究会,スナイパールーム編,インスタント研究会,Argent2home,0,154,0,0,p
208,260221,第３回インスタント研究会,スナイパールーム編,インスタント研究会,pikitto,0,125,0,0,w
209,260221,第３回インスタント研究会,スナイパールーム編,インスタント研究会,koppacha,0,130,0,0,w
210,260314,第20回ダンドリバトル大会,,ダンドリバトル大会,koppacha,0,2,0,0,p
211,260314,第20回ダンドリバトル大会,,ダンドリバトル大会,kobachi_no_udon,0,8,0,0,p
212,260314,第20回ダンドリバトル大会,,ダンドリバトル大会,mercysnow,0,4,0,0,p
213,260314,第20回ダンドリバトル大会,,ダンドリバトル大会,April_lapispik,0,0,0,0,p
214,260314,第20回ダンドリバトル大会,,ダンドリバトル大会,albut3,0,10,0,0,w
215,260328,第４回インスタント研究会,テキパキ水族館編,インスタント研究会,mercysnow,0,500,0,0,p
216,260328,第４回インスタント研究会,テキパキ水族館編,インスタント研究会,albut3,0,490,0,0,p
217,260328,第４回インスタント研究会,テキパキ水族館編,インスタント研究会,koppacha,0,400,0,0,w
218,260328,第４回インスタント研究会,テキパキ水族館編,インスタント研究会,April_lapispik,0,440,0,0,p
219,260328,第４回インスタント研究会,テキパキ水族館編,インスタント研究会,nitrosmish,0,410,0,0,w
220,260328,第４回インスタント研究会,テキパキ水族館編,インスタント研究会,Gorei_50,0,475,0,0,w
221,260530,第１回ピクチャレアリーナ対戦,,ピクチャレアリーナ対戦,spark573,0,1552,0,0,w
222,260530,第１回ピクチャレアリーナ対戦,,ピクチャレアリーナ対戦,Argent2home,0,869,0,0,p
223,260530,第１回ピクチャレアリーナ対戦,,ピクチャレアリーナ対戦,kobachi_no_udon,0,1127,0,0,p
224,260530,第１回ピクチャレアリーナ対戦,,ピクチャレアリーナ対戦,Mutou_p2pw,0,739,0,0,p
225,260530,第１回ピクチャレアリーナ対戦,,ピクチャレアリーナ対戦,mercysnow,0,751,0,0,p
226,260530,第１回ピクチャレアリーナ対戦,,ピクチャレアリーナ対戦,albut3,0,962,0,0,p
227,260613,第５回インスタント研究会,断崖アスレチック編,インスタント研究会,mercysnow,0,505,0,0,w
228,260613,第５回インスタント研究会,断崖アスレチック編,インスタント研究会,albut3,0,480,0,0,w
229,260613,第５回インスタント研究会,断崖アスレチック編,インスタント研究会,kobachi_no_udon,0,490,0,0,w
230,260613,第５回インスタント研究会,断崖アスレチック編,インスタント研究会,koppacha,0,400,0,0,w
231,260613,第５回インスタント研究会,断崖アスレチック編,インスタント研究会,April_lapispik,0,400,0,0,w
232,260613,第５回インスタント研究会,断崖アスレチック編,インスタント研究会,nitrosmish,0,400,0,0,w
233,260613,第５回インスタント研究会,断崖アスレチック編,インスタント研究会,Mutou_p2pw,0,455,0,0,w
234,260613,第５回インスタント研究会,断崖アスレチック編,インスタント研究会,toripoppo0307,0,465,0,0,p
235,260627,第６回インスタント研究会,石つぶて研究所編,インスタント研究会,mercysnow,0,552,0,0,p
236,260627,第６回インスタント研究会,石つぶて研究所編,インスタント研究会,kobachi_no_udon,0,535,0,0,w
237,260627,第６回インスタント研究会,石つぶて研究所編,インスタント研究会,koppacha,0,450,0,0,w
238,260627,第６回インスタント研究会,石つぶて研究所編,インスタント研究会,albut3,0,530,0,0,w
239,260627,第６回インスタント研究会,石つぶて研究所編,インスタント研究会,nitrosmish,0,430,0,0,w
240,260627,第６回インスタント研究会,石つぶて研究所編,インスタント研究会,toripoppo0307,0,490,0,0,w
241,260627,第６回インスタント研究会,石つぶて研究所編,インスタント研究会,April_lapispik,0,420,0,0,w
242,260704,第７回インスタント研究会,バスルーム演習場編,インスタント研究会,mercysnow,0,411,0,0,p
243,260704,第７回インスタント研究会,バスルーム演習場編,インスタント研究会,koppacha,0,350,0,0,w
244,260704,第７回インスタント研究会,バスルーム演習場編,インスタント研究会,albut3,0,395,0,0,w
245,260704,第７回インスタント研究会,バスルーム演習場編,インスタント研究会,Mutou_p2pw,0,375,0,0,w
246,260704,第７回インスタント研究会,バスルーム演習場編,インスタント研究会,nitrosmish,0,320,0,0,w
247,260704,第７回インスタント研究会,バスルーム演習場編,インスタント研究会,toripoppo0307,0,385,0,0,p
248,260704,第７回インスタント研究会,バスルーム演習場編,インスタント研究会,April_lapispik,0,365,0,0,w
249,260711,第８回インスタント研究会,天空の焼却炉編,インスタント研究会,mercysnow,0,589,0,0,p
250,260711,第８回インスタント研究会,天空の焼却炉編,インスタント研究会,kobachi_no_udon,0,560,0,0,w
251,260711,第８回インスタント研究会,天空の焼却炉編,インスタント研究会,koppacha,0,480,0,0,w
252,260711,第８回インスタント研究会,天空の焼却炉編,インスタント研究会,albut3,0,570,0,0,w
253,260711,第８回インスタント研究会,天空の焼却炉編,インスタント研究会,Mutou_p2pw,0,555,0,0,w
254,260711,第８回インスタント研究会,天空の焼却炉編,インスタント研究会,nitrosmish,0,450,0,0,w
255,260711,第８回インスタント研究会,天空の焼却炉編,インスタント研究会,toripoppo0307,0,565,0,0,p
256,260711,第８回インスタント研究会,天空の焼却炉編,インスタント研究会,April_lapispik,0,500,0,0,w
257,260725,第９回インスタント研究会,炎と電気の実験室編,インスタント研究会,mercysnow,0,460,0,0,p
258,260725,第９回インスタント研究会,炎と電気の実験室編,インスタント研究会,koppacha,0,445,0,0,w
259,260725,第９回インスタント研究会,炎と電気の実験室編,インスタント研究会,albut3,0,400,0,0,w
260,260725,第９回インスタント研究会,炎と電気の実験室編,インスタント研究会,Mutou_p2pw,0,450,0,0,w
261,260725,第９回インスタント研究会,炎と電気の実験室編,インスタント研究会,nitrosmish,0,430,0,0,w
262,260725,第９回インスタント研究会,炎と電気の実験室編,インスタント研究会,toripoppo0307,0,400,0,0,w
263,260808,第10回インスタント研究会,ひらけゴマ道場編,インスタント研究会,mercysnow,0,510,0,0,p
264,260808,第10回インスタント研究会,ひらけゴマ道場編,インスタント研究会,toripoppo0307,0,490,0,0,p
265,260808,第10回インスタント研究会,ひらけゴマ道場編,インスタント研究会,koppacha,0,405,0,0,w
266,260808,第10回インスタント研究会,ひらけゴマ道場編,インスタント研究会,albut3,0,500,0,0,w
267,260808,第10回インスタント研究会,ひらけゴマ道場編,インスタント研究会,Mutou_p2pw,0,470,0,0,w
268,260808,第10回インスタント研究会,ひらけゴマ道場編,インスタント研究会,nitrosmish,0,400,0,0,w
269,260808,第10回インスタント研究会,ひらけゴマ道場編,インスタント研究会,April_lapispik,0,440,0,0,w
270,260905,第11回インスタント研究会,ダンドリ養成所編,インスタント研究会,toripoppo0307,0,346,0,0,w
271,260905,第11回インスタント研究会,ダンドリ養成所編,インスタント研究会,koppacha,0,334,0,0,w
272,260905,第11回インスタント研究会,ダンドリ養成所編,インスタント研究会,albut3,0,360,0,0,w
273,260905,第11回インスタント研究会,ダンドリ養成所編,インスタント研究会,Mutou_p2pw,0,340,0,0,w
274,260905,第11回インスタント研究会,ダンドリ養成所編,インスタント研究会,nitrosmish,0,325,0,0,w
275,260905,第11回インスタント研究会,ダンドリ養成所編,インスタント研究会,April_lapispik,0,330,0,0,p
276,260905,第11回インスタント研究会,ダンドリ養成所編,インスタント研究会,Gorei_50,0,345,0,0,w
277,260912,第12回インスタント研究会,分業用冷凍庫,インスタント研究会,toripoppo0307,0,440,0,0,p
278,260912,第12回インスタント研究会,分業用冷凍庫,インスタント研究会,koppacha,0,365,0,0,w
279,260912,第12回インスタント研究会,分業用冷凍庫,インスタント研究会,albut3,0,450,0,0,w
280,260912,第12回インスタント研究会,分業用冷凍庫,インスタント研究会,Mutou_p2pw,0,430,0,0,w
281,260912,第12回インスタント研究会,分業用冷凍庫,インスタント研究会,nitrosmish,0,380,0,0,w
282,260912,第12回インスタント研究会,分業用冷凍庫,インスタント研究会,April_lapispik,0,425,0,0,p
283,260912,第12回インスタント研究会,分業用冷凍庫,インスタント研究会,96_Leaf,0,450,0,0,w
284,260912,第12回インスタント研究会,分業用冷凍庫,インスタント研究会,yukimidaifuku,0,450,0,0,p
285,261003,第13回インスタント研究会,切磋琢磨のオアシス,インスタント研究会,Gorei_50,0,480,0,0,w
286,261003,第13回インスタント研究会,切磋琢磨のオアシス,インスタント研究会,albut3,0,460,0,0,w
287,261003,第13回インスタント研究会,切磋琢磨のオアシス,インスタント研究会,toripoppo0307,0,460,0,0,p
288,261003,第13回インスタント研究会,切磋琢磨のオアシス,インスタント研究会,koppacha,0,420,0,0,p
289,261003,第13回インスタント研究会,切磋琢磨のオアシス,インスタント研究会,Mutou_p2pw,0,452,0,0,w
290,261003,第13回インスタント研究会,切磋琢磨のオアシス,インスタント研究会,nitrosmish,0,415,0,0,w
291,261003,第13回インスタント研究会,切磋琢磨のオアシス,インスタント研究会,April_lapispik,0,445,0,0,p
292,261003,第13回インスタント研究会,切磋琢磨のオアシス,インスタント研究会,96_Leaf,0,460,0,0,w
293,261003,第13回インスタント研究会,切磋琢磨のオアシス,インスタント研究会,yukimidaifuku,0,450,0,0,p
294,261003,第13回インスタント研究会,切磋琢磨のオアシス,インスタント研究会,Rinkuru0912,0,350,0,0,w
