legacy_object_id,stage_id,floor,object_name,quantity,value,value_na,value_eu,weight_jp,weight_na,weight_eu
1,201,1,知られざる功,1,100,,,5,,
2,201,1,レアメタルG,1,1000,,,10,,
3,201,1,レアメタルS,1,300,,,10,,
4,201,1,あのカギ,1,100,,,1,,
5,201,2,知られざる功,1,100,,,5,,
6,201,2,レアメタルG,1,1000,,,10,,
7,201,2,レアメタルS,1,300,,,10,,
8,201,2,思考結晶IKARI,5,85,,,1,,
9,201,2,あのカギ,1,100,,,1,,
10,201,2,アカチャッピー,1,7,,,10,,
11,201,2,アカコチャッピー,5,2,,,3,,
12,202,1,バクレツノミ,1,190,,,12,,
13,202,1,ミカケダマシ,1,40,,,15,,
14,202,1,バグズ・キングダム,1,40,,,15,,
15,202,1,ツラノカワ,1,180,,,15,,
16,202,1,ヒトメボレ,1,40,,,20,,
17,202,1,知られざる功,1,100,,,5,,
18,202,1,レアメタルG,1,1000,,,10,,
19,202,1,レアメタルS,1,300,,,10,,
20,202,1,あのカギ,1,100,,,1,,
21,202,2,山菜王,1,50,,,4,,
22,202,2,ソダチノコ,1,50,,,15,,
23,202,2,大地の息子,1,40,,,15,,
24,202,2,オニヨンモドキ,1,30,,,20,,
25,202,2,ラッパユリの球根,1,55,,,10,,
26,202,2,知られざる功,1,100,,,5,,
27,202,2,レアメタルG,1,1000,,,10,,
28,202,2,レアメタルS,1,300,,,10,,
29,202,2,あのカギ,1,100,,,1,,
30,202,2,タマゴムシ,10,1,,,1,,
31,203,1,レアメタルG,1,1000,,,10,,
32,203,1,レアメタルS,1,300,,,10,,
33,203,1,手動工作マシン,1,130,,,10,,
34,203,1,ビンボー神のお守り,1,55,,,2,,
35,203,1,ハーモニック・シンセサイザ,1,120,,,10,,
36,203,1,テレパシー・クリスタル,1,120,,,10,,
37,203,1,サイコキネシス・クリスタル,1,120,,,10,,
38,203,1,チャネリング・クリスタル,1,120,,,10,,
39,203,1,ショーグン石,1,110,,,8,,
40,203,1,勝負石,1,150,,,12,,
41,203,1,あのカギ,1,100,,,1,,
42,203,1,アカチャッピー,1,7,,,10,,
43,203,1,アカコチャッピー,6,2,,,3,,
44,203,2,レアメタルG,1,1000,,,10,,
45,203,2,レアメタルS,1,300,,,10,,
46,203,2,オレの色,1,80,,,10,,
47,203,2,アートだましい,1,30,,,4,,
48,203,2,ピュア・ハート,1,100,,,5,,
49,203,2,ティア・ストーン,1,150,,,5,,
50,203,2,グリーン・アイ,1,80,,,6,,
51,203,2,銀河愛のモニュメント,1,90,,,8,,
52,203,2,ぬかよろこびジュエル,1,100,,,5,,
53,203,2,宝石生物ヒトデメラルド♀,1,100,,,5,,
54,203,2,アルティメット・スピナー,1,120,100,100,10,5,5
55,203,2,運試しストーン,1,100,,,15,,
56,203,2,あのカギ,1,100,,,1,,
57,203,2,テンテンチャッピー,1,7,,,10,,
58,203,2,テンコチャッピー,6,2,,,3,,
59,204,1,知られざる功,3,100,,,5,,
60,204,1,レアメタルS,2,300,,,10,,
61,204,1,オレの色,1,80,,,10,,
62,204,1,アクアティックマイン,1,80,,,3,,
63,204,1,勝負石,1,150,,,12,,
64,204,1,あのカギ,1,100,,,1,,
65,204,1,ダンゴナマズ,3,3,,,5,,
66,204,1,ブタドックリ,1,4,,,7,,
67,204,1,シャコモドキ,2,3,,,5,,
68,204,1,イモガエル,1,5,,,7,,
69,205,1,鉱石生命体♂,1,110,,,10,,
70,205,1,夫婦のきずな,1,120,,,10,,
71,205,1,ティア・ストーン,2,150,,,5,,
72,205,1,あのカギ,1,100,,,1,,
73,205,1,ハチャッピー,2,3,,,7,,
74,205,2,ミカケダマシ,1,40,,,15,,
75,205,2,バグズ・キングダム,1,40,,,15,,
76,205,2,思考結晶IKARI,1,85,,,1,,
77,205,2,思考結晶AI,1,85,,,1,,
78,205,2,思考結晶WARAI,1,85,,,1,,
79,205,2,あのカギ,1,100,,,1,,
80,205,2,アカコチャッピー,1,2,,,3,,
81,205,2,テンコチャッピー,1,2,,,3,,
82,205,2,ユキチャッピー,1,2,,,3,,
83,205,2,ヤキチャッピー,1,10,,,10,,
84,206,1,ヒダマリノミ,1,170,,,5,,
85,206,1,ヒラノミ,1,60,,,4,,
86,206,1,たつまきクッキー,1,10,,,3,,
87,206,1,らぶらぶホワイト,1,60,,,8,,
88,206,1,あのカギ,1,100,,,1,,
89,206,1,アカコチャッピー,1,2,,,3,,
90,206,1,ユキチャッピー,1,2,,,3,,
91,206,1,テンコチャッピー,1,2,,,3,,
92,206,1,チビクマ,1,2,,,3,,
93,206,2,ソダチノコ,1,50,,,15,,
94,206,2,甘党１・２・３,1,60,,,6,,
95,206,2,レアメタルS,1,300,,,10,,
96,206,2,あのカギ,1,100,,,1,,
97,206,2,ブタドックリ,1,4,,,7,,
98,206,2,ミズブタ,1,4,,,7,,
99,207,1,社員の手本,1,70,,,20,,
100,207,1,怪力金具フィックスマン,1,60,,,10,,
101,207,1,はがねのはらまき,1,70,,,12,,
102,207,1,テレパシー・クリスタル,1,120,,,10,,
103,207,1,思考結晶WARAI,3,85,,,1,,
104,207,1,あのカギ,1,100,,,1,,
105,207,1,ユキチャッピー,3,2,,,3,,
106,207,1,ブタドックリ,1,4,,,7,,
107,207,1,フタクチドックリ,1,4,,,7,,
108,207,2,オメガブースター,1,60,,,20,,
109,207,2,フィックスマニア,1,85,,,20,,
110,207,2,マッサージはらまき,1,100,,,20,,
111,207,2,テレパシー・クリスタル,1,120,,,10,,
112,207,2,思考結晶AI,3,85,,,1,,
113,207,2,あのカギ,1,100,,,1,,
114,207,2,ブタドックリ,1,4,,,7,,
115,207,2,テンコチャッピー,3,2,,,3,,
116,207,2,ミヤビフタクチ,1,4,,,7,,
117,208,1,ピュア・ハート,4,100,,,5,,
118,208,1,思考結晶IKARI,15,85,,,1,,
119,208,1,あのカギ,1,100,,,1,,
120,208,1,アカチャッピー,5,7,,,10,,
121,208,1,アカコチャッピー,15,2,,,3,,
122,209,1,大地の息子,1,40,,,15,,
123,209,1,むしばのとも,1,60,,,8,,
124,209,1,おかしの大車輪,1,60,,,20,,
125,209,1,レアメタルG,2,1000,,,10,,
126,209,1,レアメタルG,1,1000,,,10,,
127,209,1,手動工作マシン,1,130,,,10,,
128,209,1,運命ディレクター,1,100,,,20,,
129,209,1,根性コンピュータ,1,100,,,10,,
130,209,1,ゲイジュツ・テーブル,1,100,,,25,,
131,209,1,フィックスマニア,1,85,,,20,,
132,209,1,マッサージはらまき,1,100,,,20,,
133,209,1,ネンチャクシツ,1,60,,,10,,
134,209,1,ピュア・ハート,3,100,,,5,,
135,209,1,ロイヤル・ダイヤモンド,1,100,,,5,,
136,209,1,フォー・リーフ,1,150,,,20,,
137,209,1,テレパシー・クリスタル,1,120,,,10,,
138,209,1,サイコジャンパー,1,70,,,15,,
139,209,1,アクアティックマイン,1,80,,,3,,
140,209,1,エアシューター,1,100,,,15,,
141,209,1,エレメンタル・フォース,1,140,,,1,,
142,209,1,あのカギ,1,100,,,1,,
143,209,1,ミウリン,2,3,,,7,,
144,210,1,知られざる功,1,100,,,5,,
145,210,1,レアメタルG,1,1000,,,10,,
146,210,1,レアメタルS,1,300,,,10,,
147,210,1,ピュア・ハート,1,100,,,5,,
148,210,1,ティア・ストーン,1,150,,,5,,
149,210,1,思考結晶IKARI,2,85,,,1,,
150,210,1,思考結晶AI,4,85,,,1,,
151,210,1,思考結晶WARAI,4,85,,,1,,
152,210,1,あのカギ,1,100,,,1,,
153,210,1,アカコチャッピー,2,2,,,3,,
154,210,1,ウジンコ♀,4,1,,,1,,
155,210,1,ウジンコ♂,4,2,,,1,,
156,211,1,ロイヤル・ダイヤモンド,1,100,,,5,,
157,211,1,あのカギ,1,100,,,1,,
158,211,2,オーバーキル・レッド,1,100,,,5,,
159,211,2,あのカギ,1,100,,,1,,
160,211,2,ミズブタ,1,4,,,7,,
161,211,3,一生の証,1,100,,,10,,
162,211,3,あのカギ,1,100,,,1,,
163,211,3,キショイグモ,1,2,,,3,,
164,211,4,あのカギ,1,100,,,1,,
165,211,4,ヤキチャッピー,1,10,,,10,,
166,211,5,あのカギ,1,100,,,1,,
167,211,5,ヘビガラス,1,10,,,5,,
168,212,1,あのカギ,1,100,,,1,,
169,212,2,あのカギ,1,100,,,1,,
170,212,3,えらそうでえらくない石像,1,80,,,10,,
171,212,3,えらそうでえらい石像,1,80,,,10,,
172,212,3,あのカギ,1,100,,,1,,
173,213,1,アートだましい,1,30,,,4,,
174,213,1,オーバーキル・レッド,1,100,,,5,,
175,213,1,ミラクルマジカルステージ,1,150,,,30,20,20
176,213,1,かぐわしき存在,1,100,,,20,,
177,213,1,あのカギ,1,100,,,1,,
178,213,1,アカチャッピー,1,7,,,10,,
179,213,2,毒電波レシーバー,1,80,,,10,,
180,213,2,チャネリング・クリスタル,1,120,,,10,,
181,213,2,宇宙ネコ目,1,85,,,15,,
182,213,2,アルティメット・スピナー,1,120,,,10,,
183,213,2,あのカギ,1,100,,,1,,
184,213,2,テンテンチャッピー,1,7,,,10,,
185,213,3,運命ディレクター,1,100,,,20,,
186,213,3,こわれたタイムマシン,1,110,,,30,,
187,213,3,グリッドコンピュータ,1,100,,,10,,
188,213,3,オメガブースター,1,60,,,20,,
189,213,3,フィックスマニア,1,85,,,20,,
190,213,3,あのカギ,1,100,,,1,,
191,213,3,アカチャッピー,1,7,,,10,,
192,213,4,ビンボー神のお守り,1,55,,,2,,
193,213,4,希望の火,1,10,,,10,,
194,213,4,人生花道,1,90,,,15,,
195,213,4,勝負石,1,150,,,12,,
196,213,4,運試しストーン,1,100,,,15,,
197,213,4,あのカギ,1,100,,,1,,
198,213,4,ケチャッピー,1,7,,,10,,
199,213,5,メモリアルカプセル,1,70,,,7,,
200,213,5,ミラーステージ,1,140,,,15,,
201,213,5,フォー・リーフ,1,150,,,20,,
202,213,5,あのカギ,1,100,,,1,,
203,213,5,アカチャッピー,1,7,,,10,,
204,213,6,完全不眠土器カフェオレ,1,130,,,20,,
205,213,6,ミルクぶろ,1,60,,,5,,
206,213,6,折れた食神,1,80,90,90,8,20,20
207,213,6,自炊の神器,1,90,,,20,8,8
208,213,6,バブル・ジェネレータ,1,60,,,20,,
209,213,6,あのカギ,1,100,,,1,,
210,213,6,テンテンチャッピー,1,7,,,10,,
211,213,7,機械じかけの夢,1,280,,,20,,
212,213,7,栄光の石,1,100,,,5,,
213,213,7,たましいの石,1,140,,,6,,
214,213,7,コズミック・アーカイブ,1,230,,,15,,
215,213,7,オヤジのおもいで,1,250,,,30,,
216,213,7,なつかしのジャイロブロック,1,80,,,5,,
217,213,7,わすれえぬジャイロブロック,1,80,,,5,,
218,213,7,なくしてないたジャイロブロック,1,80,,,5,,
219,213,7,おきにいりジャイロブロック,1,80,,,5,,
220,213,7,たからものジャイロブロック,1,80,,,5,,
221,213,7,おたからセンサープロトタイプ,1,200,,,35,,
222,213,7,あのカギ,1,100,,,1,,
223,213,7,タマコキン,1,7,,,10,,
224,214,1,バクレツノミ,1,190,,,12,,
225,214,1,宿題クローバー,3,20,,,1,,
226,214,1,むしばのとも,1,60,,,8,,
227,214,1,古代生物の化石,1,140,,,20,,
228,214,1,夢の羽,1,10,,,1,,
229,214,1,知られざる功,2,100,,,5,,
230,214,1,進歩のあかし,1,85,,,15,,
231,214,1,思考結晶IKARI,3,85,,,1,,
232,214,1,思考結晶WARAI,3,85,,,1,,
233,214,1,超存在,1,80,,,4,,
234,214,1,宇宙ネコ目,1,85,,,15,,
235,214,1,アクアティックマイン,1,80,,,3,,
236,214,1,エアシューター,1,100,,,15,,
237,214,1,あのカギ,1,100,,,1,,
238,214,1,ベニショイグモ,3,2,,,3,,
239,214,1,キショイグモ,2,2,,,3,,
240,214,1,ルリショイグモ,3,2,,,3,,
241,214,1,ムラサキショイグモ,3,2,,,3,,
242,215,1,貝物オリマナイト,1,40,,,15,,
243,215,1,海怪珍味マキマキ,1,60,,,20,,
244,215,1,ロイヤル・ダイヤモンド,1,100,,,5,,
245,215,1,思考結晶IKARI,3,85,,,1,,
246,215,1,あのカギ,1,100,,,1,,
247,215,1,ムラサキショイグモ,3,2,,,3,,
248,216,1,キング肉,1,35,,,10,,
249,216,1,ハラワタモドキ,1,100,,,10,,
250,216,1,欲棒,1,40,,,5,,
251,216,1,たつまきクッキー,2,10,,,3,,
252,216,1,大がんこ,2,25,,,8,,
253,216,1,虫寄せせんべい,2,15,,,5,,
254,216,1,さいみんクッキー,2,25,,,5,,
255,216,1,ざぶとんクッキー,2,10,,,4,,
256,216,1,スイート・クッション,2,50,,,8,,
257,216,1,あのカギ,1,100,,,1,,
258,216,1,パンモドキ,3,3,,,3,,
259,216,1,オオパンモドキ,1,10,,,10,,
260,217,1,木造巨生物クマキボリ,1,160,,,25,,
261,217,1,知られざる功,9,100,,,5,,
262,217,1,むっつりアンテナ,1,150,,,35,,
263,217,1,ロイヤル・ダイヤモンド,1,100,,,5,,
264,217,1,コンバイン・ローラー,1,120,,,20,,
265,217,1,あのカギ,1,100,,,1,,
266,217,1,タマコキン,1,7,,,10,,
267,217,1,エレキムシ,9,3,,,5,,
268,217,1,タマゴムシ,10,1,,,1,,
269,218,1,ヤブレカブレ,4,20,,,3,,
270,218,1,知られざる功,1,100,,,5,,
271,218,1,レアメタルS,3,300,,,10,,
272,218,1,レアメタルG,1,1000,,,10,,
273,218,1,ピュア・ハート,1,100,,,5,,
274,218,1,ティア・ストーン,1,150,,,5,,
275,218,1,フォー・リーフ,1,150,,,20,,
276,218,1,あのカギ,1,100,,,1,,
277,218,1,アカコチャッピー,4,2,,,3,,
278,218,1,ヤキチャッピー,1,10,,,10,,
279,218,1,ブタドックリ,1,4,,,7,,
280,218,1,ミズブタ,1,4,,,7,,
281,218,1,ベニショイグモ,1,2,,,3,,
282,218,1,ルリショイグモ,1,2,,,3,,
283,218,2,ヤブレカブレ,4,20,,,3,,
284,218,2,知られざる功,1,100,,,5,,
285,218,2,レアメタルG,1,1000,,,10,,
286,218,2,レアメタルS,3,300,,,10,,
287,218,2,ピュア・ハート,1,100,,,5,,
288,218,2,エターナル・グリーン,1,150,,,20,,
289,218,2,ティア・ストーン,1,150,,,5,,
290,218,2,宝石生物ヒトデメラルド♀,1,100,,,5,,
291,218,2,あのカギ,1,100,,,1,,
292,218,2,ブタドックリ,1,4,,,7,,
293,218,2,ミズブタ,1,4,,,7,,
294,218,2,ベニショイグモ,1,2,,,3,,
295,218,2,ルリショイグモ,1,2,,,3,,
296,218,2,テンテンチャッピー,1,7,,,10,,
297,218,2,テンコチャッピー,4,2,,,3,,
298,219,1,宿題クローバー,6,20,,,1,,
299,219,1,キノボックリ,1,15,,,7,,
300,219,1,ヒラノミ,1,60,,,4,,
301,219,1,ボスノミ,1,80,,,8,,
302,219,1,ピュア・ハート,1,100,,,5,,
303,219,1,あのカギ,1,100,,,1,,
304,219,1,ウジンコ♀,3,1,,,1,,
305,219,1,ウジンコ♂,3,2,,,1,,
306,219,2,夢の羽,6,10,,,1,,
307,219,2,バキューム・プロセッサ,1,100,,,10,,
308,219,2,根性コンピュータ,1,100,,,10,,
309,219,2,グリッドコンピュータ,1,100,,,10,,
310,219,2,ティア・ストーン,1,150,,,5,,
311,219,2,あのカギ,1,100,,,1,,
312,219,2,ウジンコ♀,3,1,,,1,,
313,219,2,ウジンコ♂,3,2,,,1,,
314,220,1,バブル・ジェネレータ,1,60,,,20,,
315,220,1,ピュア・ハート,1,100,,,5,,
316,220,1,エターナル・グリーン,1,150,,,20,,
317,220,1,ティア・ストーン,1,150,,,5,,
318,220,1,フォー・リーフ,1,150,,,20,,
319,220,1,ぬかよろこびジュエル,1,100,,,5,,
320,220,1,アイス・ハート,1,100,,,5,,
321,220,1,母と子のカタチ,1,55,,,15,,
322,220,1,天下一ブサイク,1,90,,,8,,
323,220,1,あのカギ,1,100,,,1,,
324,220,1,シャコモドキ,2,3,,,5,,
325,220,1,トテツチホカシ,1,4,,,3,,
326,220,1,ツブラメケメクジ,1,10,,,3,,
327,220,2,ロイヤル・ダイヤモンド,1,100,,,5,,
328,220,2,オーバーキル・レッド,1,100,,,5,,
329,220,2,超存在,1,80,,,4,,
330,220,2,あのカギ,1,100,,,1,,
331,220,2,ケメクジ,1,15,,,3,,
332,221,1,ヒラノミ,3,60,,,4,,
333,221,1,鉱石生命体♂,1,110,,,10,,
334,221,1,Mr.ハニー,1,250,,,10,,
335,221,1,知られざる功,3,100,,,5,,
336,221,1,レアメタルG,1,1000,,,10,,
337,221,1,レアメタルS,2,300,,,10,,
338,221,1,思考結晶IKARI,6,85,,,1,,
339,221,1,思考結晶WARAI,3,85,,,1,,
340,221,1,あのカギ,1,100,,,1,,
341,221,1,ウジンコ♀,3,1,,,1,,
342,221,1,ウジンコ♂,6,2,,,1,,
343,221,1,トビンコ,3,2,,,1,,
344,221,1,ハオリムシ,3,3,,,8,,
345,221,1,びっくり菊,2,7,,,10,,
346,221,2,あのカギ,1,100,,,1,,
347,221,2,アカヘビガラス,1,15,,,5,,
348,222,1,ノー・フューチャー,1,200,,,25,,
349,222,1,ピュア・ハート,1,100,,,5,,
350,222,1,エターナル・グリーン,1,150,,,20,,
351,222,1,ティア・ストーン,2,150,,,5,,
352,222,1,フォー・リーフ,1,150,,,20,,
353,222,1,思考結晶WARAI,4,85,,,1,,
354,222,1,あのカギ,1,100,,,1,,
355,222,1,クマチャッピー,3,10,,,10,,
356,222,1,チビクマ,4,2,,,3,,
357,223,1,宿題クローバー,2,20,,,1,,
358,223,1,イチコロダオレ,2,10,,,1,,
359,223,1,思考結晶IKARI,2,85,,,1,,
360,223,1,思考結晶AI,2,85,,,1,,
361,223,1,サイコキネシス・クリスタル,1,120,,,10,,
362,223,1,思考結晶WARAI,2,85,,,1,,
363,223,1,チャネリング・クリスタル,1,120,,,10,,
364,223,1,あのカギ,1,100,,,1,,
365,223,1,ハンボ,11,1,,,1,,
366,224,1,バクレツノミ,1,190,,,12,,
367,224,1,知られざる功,1,100,,,5,,
368,224,1,思考結晶IKARI,6,85,,,1,,
369,224,1,思考結晶WARAI,3,85,,,1,,
370,224,1,天下一ブサイク,1,90,,,8,,
371,224,1,超存在,1,80,,,4,,
372,224,1,あのカギ,1,100,,,1,,
373,224,1,サライムシ,1,4,,,3,,
374,224,1,トテツチホカシ,3,4,,,3,,
375,224,1,サクレウラメ,4,4,,,3,,
376,224,1,ベニショイグモ,2,2,,,3,,
377,225,1,レアメタルG,1,1000,,,10,,
378,225,1,機会じかけの夢,1,280,,,20,,
379,225,1,栄光の石,1,100,,,5,,
380,225,1,たましいの石,1,140,,,6,,
381,225,1,コズミック・アーカイブ,1,230,,,15,,
382,225,1,おたからセンサープロトタイプ,1,200,,,35,,
383,225,1,あのカギ,1,100,,,1,,
384,225,1,タマコキン,2,7,,,10,,
385,225,2,オヤジのおもいで,1,250,,,30,,
386,225,2,なつかしのジャイロブロック,1,80,,,5,,
387,225,2,わすれえぬジャイロブロック,1,80,,,5,,
388,225,2,なくしてないたジャイロブロック,1,80,,,5,,
389,225,2,おきにいりジャイロブロック,1,80,,,5,,
390,225,2,あのカギ,1,100,,,1,,
391,226,1,レアメタルS,2,300,,,10,,
392,226,1,あのカギ,1,100,,,1,,
393,226,1,びっくり菊,2,7,,,10,,
394,226,2,レアメタルG,1,1000,,,10,,
395,226,2,テレパシー・クリスタル,2,120,,,10,,
396,226,2,あのカギ,1,100,,,1,,
397,226,2,アカチャッピー,2,7,,,10,,
398,226,3,空騒ぎアラーム,5,120,,,10,,
399,226,3,テレパシー・クリスタル,3,120,,,10,,
400,226,3,あのカギ,1,100,,,1,,
401,226,3,ブタドックリ,4,4,,,7,,
402,227,1,バクレツノミ,1,190,,,12,,
403,227,1,ヨクノミ,1,70,,,10,,
404,227,1,イチコロダオレ,2,10,,,1,,
405,227,1,Mr.ハニー,1,250,,,10,,
406,227,1,思考結晶IKARI,1,85,,,1,,
407,227,1,テレパシー・クリスタル,1,120,,,10,,
408,227,1,チャネリング・クリスタル,1,120,,,10,,
409,227,1,あのカギ,1,100,,,1,,
410,227,1,ケチャッピー,1,7,,,10,,
411,227,1,アカコチャッピー,1,2,,,3,,
412,227,1,ヤキチャッピー,1,10,,,10,,
413,227,1,キショイグモ,2,2,,,3,,
414,228,1,知られざる功,1,100,,,5,,
415,228,1,レアメタルG,1,1000,,,10,,
416,228,1,レアメタルS,1,300,,,10,,
417,228,1,ピュア・ハート,1,100,,,5,,
418,228,1,ティア・ストーン,1,150,,,5,,
419,228,1,思考結晶IKARI,2,85,,,1,,
420,228,1,思考結晶AI,2,85,,,1,,
421,228,1,サイコキネシス・クリスタル,2,120,,,10,,
422,228,1,思考結晶WARAI,2,85,,,1,,
423,228,1,サイレンサー,1,666,670,670,20,,
424,228,1,あのカギ,1,100,,,1,,
425,228,1,エレキムシ,6,3,,,5,,
426,228,1,キショイグモ,2,2,,,3,,
427,228,1,イモガエル,1,5,,,7,,
428,228,1,マロガエル,1,7,,,7,,
429,229,1,古代生物の化石,1,140,,,20,,
430,229,1,Mr.ハニー,1,250,,,10,,
431,229,1,レアメタルG,1,1000,,,10,,
432,229,1,レアメタルS,1,300,,,10,,
433,229,1,ピュア・ハート,1,100,,,5,,
434,229,1,エターナル・グリーン,1,150,,,20,,
435,229,1,ティア・ストーン,1,150,,,5,,
436,229,1,フォー・リーフ,1,150,,,20,,
437,229,1,思考結晶IKARI,2,85,,,1,,
438,229,1,テレパシー・クリスタル,1,120,,,10,,
439,229,1,思考結晶AI,2,85,,,1,,
440,229,1,サイコキネシス・クリスタル,1,120,,,10,,
441,229,1,思考結晶WARAI,2,85,,,1,,
442,229,1,チャネリング・クリスタル,1,120,,,10,,
443,229,1,あのカギ,1,100,,,1,,
444,229,1,テンテンチャッピー,1,7,,,10,,
445,229,1,ユキチャッピー,2,2,,,3,,
446,229,1,テンコチャッピー,6,2,,,3,,
447,229,1,フタクチドックリ,1,4,,,7,,
448,229,1,ミヤビフタクチ,1,4,,,7,,
449,229,1,タマコキン,1,7,,,10,,
450,229,1,サクレウラメ,1,4,,,3,,
451,230,1,ピュア・ハート,1,100,,,5,,
452,230,1,思考結晶IKARI,2,85,,,1,,
453,230,1,思考結晶AI,2,85,,,1,,
454,230,1,あのカギ,1,100,,,1,,
455,230,1,アカチャッピー,1,7,,,10,,
456,230,1,ケチャッピー,1,7,,,10,,
457,230,1,アカコチャッピー,2,2,,,3,,
458,230,1,ユキチャッピー,2,2,,,3,,
459,230,2,ティア・ストーン,1,150,,,5,,
460,230,2,思考結晶AI,2,85,,,1,,
461,230,2,思考結晶WARAI,2,85,,,1,,
462,230,2,あのカギ,1,100,,,1,,
463,230,2,テンテンチャッピー,1,7,,,10,,
464,230,2,テンコチャッピー,2,2,,,3,,
465,230,2,クマチャッピー,1,10,,,10,,
466,230,2,チビクマ,2,2,,,3,,
467,230,3,あのカギ,1,100,,,1,,
468,230,3,ヤキチャッピー,1,10,,,10,,
469,230,4,あのカギ,1,100,,,1,,
470,230,4,クイーンチャッピー,1,15,,,20,,
471,230,5,Mr.ハニー,1,250,,,10,,
472,230,5,レアメタルG,1,1000,,,10,,
473,230,5,レアメタルS,1,300,,,10,,
474,230,5,あのカギ,1,100,,,1,,
475,230,5,ダイオウデメマダラ,3,15,,,20,,
