card_key,origin_stage_id,title,rule_name,text,difficulty
261001-001,201,こてしらべの洞窟,サンプル001,これはテストです。スコアを入力してください。,1
261001-002,202,新参者の試練場,サンプル002,これはテストです。スコアを入力してください。,2
261001-003,203,神々のおもちゃ箱,サンプル003,これはテストです。スコアを入力してください。,3
261001-004,204,あのひとの庭,サンプル004,これはテストです。スコアを入力してください。,4
261001-005,205,グリーンホール,サンプル005,これはテストです。スコアを入力してください。,5
261001-006,206,地下の温室,サンプル006,これはテストです。スコアを入力してください。,1
261001-007,207,鉄人の穴,サンプル007,これはテストです。スコアを入力してください。,2
261001-008,208,赤の洞窟,サンプル008,これはテストです。スコアを入力してください。,3
261001-009,209,花園を荒らすもの,サンプル009,これはテストです。スコアを入力してください。,4
261001-010,210,たそがれの庭,サンプル010,これはテストです。スコアを入力してください。,5
261001-011,211,かくしもちの洞窟,サンプル011,これはテストです。スコアを入力してください。,1
261001-012,212,コンクリート迷路,サンプル012,これはテストです。スコアを入力してください。,2
261001-013,213,コレクタールーム,サンプル013,これはテストです。スコアを入力してください。,3
261001-014,214,ショイグモの巣,サンプル014,これはテストです。スコアを入力してください。,4
261001-015,215,大足の穴,サンプル015,これはテストです。スコアを入力してください。,5
261001-016,216,食神のかまど,サンプル016,これはテストです。スコアを入力してください。,1
261001-017,217,三色試練場,サンプル017,これはテストです。スコアを入力してください。,2
261001-018,218,炎と水の試練場,サンプル018,これはテストです。スコアを入力してください。,3
261001-019,219,鼻息の洞穴,サンプル019,これはテストです。スコアを入力してください。,4
261001-020,220,巨人のトイレ,サンプル020,これはテストです。スコアを入力してください。,5
261001-021,221,土とんの洞窟,サンプル021,これはテストです。スコアを入力してください。,1
261001-022,222,地底警備室,サンプル022,これはテストです。スコアを入力してください。,2
261001-023,223,ひみつの花園,サンプル023,これはテストです。スコアを入力してください。,3
261001-024,224,さらいの洞窟,サンプル024,これはテストです。スコアを入力してください。,4
261001-025,225,秘密兵器実験場,サンプル025,これはテストです。スコアを入力してください。,5
261001-026,226,倍々ゲームの穴,サンプル026,これはテストです。スコアを入力してください。,1
261001-027,227,天罰の穴,サンプル027,これはテストです。スコアを入力してください。,2
261001-028,228,どっすん迷路,サンプル028,これはテストです。スコアを入力してください。,3
261001-029,229,スナイパールーム,サンプル029,これはテストです。スコアを入力してください。,4
261001-030,230,デメマダラの巣窟,サンプル030,これはテストです。スコアを入力してください。,5
261001-031,301,原生の杜,サンプル031,これはテストです。スコアを入力してください。,1
261001-032,302,白銀の泉,サンプル032,これはテストです。スコアを入力してください。,2
261001-033,303,渇きの砂,サンプル033,これはテストです。スコアを入力してください。,3
261001-034,304,落葉の回廊,サンプル034,これはテストです。スコアを入力してください。,4
261001-035,305,草花の園,サンプル035,これはテストです。スコアを入力してください。,5
261001-036,306,続・原生の杜,サンプル036,これはテストです。スコアを入力してください。,1
261001-037,307,続・白銀の泉,サンプル037,これはテストです。スコアを入力してください。,2
261001-038,308,続・渇きの砂,サンプル038,これはテストです。スコアを入力してください。,3
261001-039,309,続・落葉の回廊,サンプル039,これはテストです。スコアを入力してください。,4
261001-040,310,続・草花の園,サンプル040,これはテストです。スコアを入力してください。,5
261001-041,311,冬の贈りもの,サンプル041,これはテストです。スコアを入力してください。,1
261001-042,312,工事現場ドリーム,サンプル042,これはテストです。スコアを入力してください。,2
261001-043,313,ピクアリウム,サンプル043,これはテストです。スコアを入力してください。,3
261001-044,314,思いでの砂浜,サンプル044,これはテストです。スコアを入力してください。,4
261001-045,315,機械仕掛けのブルース,サンプル045,これはテストです。スコアを入力してください。,5
261001-046,316,原生の杜,サンプル046,これはテストです。スコアを入力してください。,1
261001-047,317,白銀の泉,サンプル047,これはテストです。スコアを入力してください。,2
261001-048,318,渇きの砂,サンプル048,これはテストです。スコアを入力してください。,3
261001-049,319,落葉の回廊,サンプル049,これはテストです。スコアを入力してください。,4
261001-050,320,草花の園,サンプル050,これはテストです。スコアを入力してください。,5
261001-051,321,続・始まりの森,サンプル051,これはテストです。スコアを入力してください。,1
261001-052,322,続・再開の花園,サンプル052,これはテストです。スコアを入力してください。,2
261001-053,323,続・迷いの雪原,サンプル053,これはテストです。スコアを入力してください。,3
261001-054,324,続・交わりの渓流,サンプル054,これはテストです。スコアを入力してください。,4
261001-055,325,続・哀しき獣の塔,サンプル055,これはテストです。スコアを入力してください。,5
261001-056,326,冬の贈りもの,サンプル056,これはテストです。スコアを入力してください。,1
261001-057,327,工事現場ドリーム,サンプル057,これはテストです。スコアを入力してください。,2
261001-058,328,ピクアリウム,サンプル058,これはテストです。スコアを入力してください。,3
261001-059,329,思いでの砂浜,サンプル059,これはテストです。スコアを入力してください。,4
261001-060,330,機械仕掛けのブルース,サンプル060,これはテストです。スコアを入力してください。,5
261001-061,331,お宝調査その１ 花園,サンプル061,これはテストです。スコアを入力してください。,1
261001-062,332,お宝調査その２ 森の中,サンプル062,これはテストです。スコアを入力してください。,2
261001-063,333,お宝調査その３ 渓流,サンプル063,これはテストです。スコアを入力してください。,3
261001-064,334,お宝調査その４ 雪原,サンプル064,これはテストです。スコアを入力してください。,4
261001-065,335,ピクミンとの再会,サンプル065,これはテストです。スコアを入力してください。,5
261001-066,336,原生生物大掃除,サンプル066,これはテストです。スコアを入力してください。,1
261001-067,337,大地と海と大空と,サンプル067,これはテストです。スコアを入力してください。,2
261001-068,338,ようやく発見！ １つ目のパーツ,サンプル068,これはテストです。スコアを入力してください。,3
261001-069,339,力を合わせて原生退治,サンプル069,これはテストです。スコアを入力してください。,4
261001-070,340,水のない水路,サンプル070,これはテストです。スコアを入力してください。,5
261001-071,341,ルーイはどこへ…,サンプル071,これはテストです。スコアを入力してください。,1
261001-072,342,ビッグ・フルーツ・カーニバル,サンプル072,これはテストです。スコアを入力してください。,2
261001-073,343,またまた発見！ ２つ目のパーツ,サンプル073,これはテストです。スコアを入力してください。,3
261001-074,344,ついに復活？ ドルフィン初号機,サンプル074,これはテストです。スコアを入力してください。,4
261001-075,345,ヨロヒイモムカデ,サンプル075,これはテストです。スコアを入力してください。,5
261001-076,346,オオバケカガミ,サンプル076,これはテストです。スコアを入力してください。,1
261001-077,347,オオスナフラシ,サンプル077,これはテストです。スコアを入力してください。,2
261001-078,348,タテゴトハチスズメ,サンプル078,これはテストです。スコアを入力してください。,3
261001-079,349,ヌマアラシ,サンプル079,これはテストです。スコアを入力してください。,4
261001-080,350,アメニュウドウ,サンプル080,これはテストです。スコアを入力してください。,5
261001-081,401,ダンドリ養成所,サンプル081,これはテストです。スコアを入力してください。,1
261001-082,402,炎と電気の実験室,サンプル082,これはテストです。スコアを入力してください。,2
261001-083,403,石つぶて研究所,サンプル083,これはテストです。スコアを入力してください。,3
261001-084,404,バスルーム演習場,サンプル084,これはテストです。スコアを入力してください。,4
261001-085,405,水わたりスクール,サンプル085,これはテストです。スコアを入力してください。,5
261001-086,406,超重配送センター,サンプル086,これはテストです。スコアを入力してください。,1
261001-087,407,天空の焼却炉,サンプル087,これはテストです。スコアを入力してください。,2
261001-088,408,分業用冷蔵庫,サンプル088,これはテストです。スコアを入力してください。,3
261001-089,409,テキパキ水族館,サンプル089,これはテストです。スコアを入力してください。,4
261001-090,410,ひらけゴマ道場,サンプル090,これはテストです。スコアを入力してください。,5
261001-091,411,断崖アスレチック,サンプル091,これはテストです。スコアを入力してください。,1
261001-092,412,切磋琢磨のオアシス,サンプル092,これはテストです。スコアを入力してください。,2
261001-093,413,こてしらべの戦い,サンプル093,これはテストです。スコアを入力してください。,3
261001-094,414,戦場のおもちゃ箱,サンプル094,これはテストです。スコアを入力してください。,4
261001-095,415,風雲ダンドリ城,サンプル095,これはテストです。スコアを入力してください。,5
261001-096,416,決戦のオアシス,サンプル096,これはテストです。スコアを入力してください。,1
261001-097,417,熱砂の決闘場,サンプル097,これはテストです。スコアを入力してください。,2
261001-098,418,最果ての闘技場,サンプル098,これはテストです。スコアを入力してください。,3
261001-099,419,初ダン 出目斑の根城,サンプル099,これはテストです。スコアを入力してください。,4
261001-100,420,弍ダン 雪達磨製作所,サンプル100,これはテストです。スコアを入力してください。,5
261001-101,421,参ダン 徒夢の採掘場,サンプル101,これはテストです。スコアを入力してください。,1
261001-102,422,肆ダン ダンドリ海舘,サンプル102,これはテストです。スコアを入力してください。,2
261001-103,201,こてしらべの洞窟,サンプル103,これはテストです。スコアを入力してください。,3
261001-104,202,新参者の試練場,サンプル104,これはテストです。スコアを入力してください。,4
261001-105,203,神々のおもちゃ箱,サンプル105,これはテストです。スコアを入力してください。,5
261001-106,204,あのひとの庭,サンプル106,これはテストです。スコアを入力してください。,1
261001-107,205,グリーンホール,サンプル107,これはテストです。スコアを入力してください。,2
261001-108,206,地下の温室,サンプル108,これはテストです。スコアを入力してください。,3
261001-109,207,鉄人の穴,サンプル109,これはテストです。スコアを入力してください。,4
261001-110,208,赤の洞窟,サンプル110,これはテストです。スコアを入力してください。,5
261001-111,209,花園を荒らすもの,サンプル111,これはテストです。スコアを入力してください。,1
261001-112,210,たそがれの庭,サンプル112,これはテストです。スコアを入力してください。,2
261001-113,211,かくしもちの洞窟,サンプル113,これはテストです。スコアを入力してください。,3
261001-114,212,コンクリート迷路,サンプル114,これはテストです。スコアを入力してください。,4
261001-115,213,コレクタールーム,サンプル115,これはテストです。スコアを入力してください。,5
261001-116,214,ショイグモの巣,サンプル116,これはテストです。スコアを入力してください。,1
261001-117,215,大足の穴,サンプル117,これはテストです。スコアを入力してください。,2
261001-118,216,食神のかまど,サンプル118,これはテストです。スコアを入力してください。,3
261001-119,217,三色試練場,サンプル119,これはテストです。スコアを入力してください。,4
261001-120,218,炎と水の試練場,サンプル120,これはテストです。スコアを入力してください。,5
261001-121,219,鼻息の洞穴,サンプル121,これはテストです。スコアを入力してください。,1
261001-122,220,巨人のトイレ,サンプル122,これはテストです。スコアを入力してください。,2
261001-123,221,土とんの洞窟,サンプル123,これはテストです。スコアを入力してください。,3
261001-124,222,地底警備室,サンプル124,これはテストです。スコアを入力してください。,4
261001-125,223,ひみつの花園,サンプル125,これはテストです。スコアを入力してください。,5
261001-126,224,さらいの洞窟,サンプル126,これはテストです。スコアを入力してください。,1
261001-127,225,秘密兵器実験場,サンプル127,これはテストです。スコアを入力してください。,2
261001-128,226,倍々ゲームの穴,サンプル128,これはテストです。スコアを入力してください。,3
261001-129,227,天罰の穴,サンプル129,これはテストです。スコアを入力してください。,4
261001-130,228,どっすん迷路,サンプル130,これはテストです。スコアを入力してください。,5
261001-131,229,スナイパールーム,サンプル131,これはテストです。スコアを入力してください。,1
261001-132,230,デメマダラの巣窟,サンプル132,これはテストです。スコアを入力してください。,2
261001-133,301,原生の杜,サンプル133,これはテストです。スコアを入力してください。,3
261001-134,302,白銀の泉,サンプル134,これはテストです。スコアを入力してください。,4
261001-135,303,渇きの砂,サンプル135,これはテストです。スコアを入力してください。,5
261001-136,304,落葉の回廊,サンプル136,これはテストです。スコアを入力してください。,1
261001-137,305,草花の園,サンプル137,これはテストです。スコアを入力してください。,2
261001-138,306,続・原生の杜,サンプル138,これはテストです。スコアを入力してください。,3
261001-139,307,続・白銀の泉,サンプル139,これはテストです。スコアを入力してください。,4
261001-140,308,続・渇きの砂,サンプル140,これはテストです。スコアを入力してください。,5
261001-141,309,続・落葉の回廊,サンプル141,これはテストです。スコアを入力してください。,1
261001-142,310,続・草花の園,サンプル142,これはテストです。スコアを入力してください。,2
261001-143,311,冬の贈りもの,サンプル143,これはテストです。スコアを入力してください。,3
261001-144,312,工事現場ドリーム,サンプル144,これはテストです。スコアを入力してください。,4
261001-145,313,ピクアリウム,サンプル145,これはテストです。スコアを入力してください。,5
261001-146,314,思いでの砂浜,サンプル146,これはテストです。スコアを入力してください。,1
261001-147,315,機械仕掛けのブルース,サンプル147,これはテストです。スコアを入力してください。,2
261001-148,316,原生の杜,サンプル148,これはテストです。スコアを入力してください。,3
261001-149,317,白銀の泉,サンプル149,これはテストです。スコアを入力してください。,4
261001-150,318,渇きの砂,サンプル150,これはテストです。スコアを入力してください。,5
261001-151,319,落葉の回廊,サンプル151,これはテストです。スコアを入力してください。,1
261001-152,320,草花の園,サンプル152,これはテストです。スコアを入力してください。,2
261001-153,321,続・始まりの森,サンプル153,これはテストです。スコアを入力してください。,3
261001-154,322,続・再開の花園,サンプル154,これはテストです。スコアを入力してください。,4
261001-155,323,続・迷いの雪原,サンプル155,これはテストです。スコアを入力してください。,5
261001-156,324,続・交わりの渓流,サンプル156,これはテストです。スコアを入力してください。,1
261001-157,325,続・哀しき獣の塔,サンプル157,これはテストです。スコアを入力してください。,2
261001-158,326,冬の贈りもの,サンプル158,これはテストです。スコアを入力してください。,3
261001-159,327,工事現場ドリーム,サンプル159,これはテストです。スコアを入力してください。,4
261001-160,328,ピクアリウム,サンプル160,これはテストです。スコアを入力してください。,5
